"","id","Feb1","Feb2","Feb3","Feb4","Feb5","Feb6","Feb7","Feb8","Feb9","Feb10","Feb11","Feb12","Feb13","Feb14","Feb15","Feb16","Feb17","Feb18","Feb19","Feb20","Feb21","Feb22","Feb23","Feb24","Feb25","Feb26","Feb27","Feb28","lon","lat"
"1",44,0.4,0.6,0.2,-1.5,-1.4,-1.7,0.6,3.4,5.5,5.4,3.8,1.6,2.4,4.1,1.7,1.4,0.7,1.6,2.1,3.9,3.8,2.2,3.6,4.1,4,6.2,4.9,3.3,8.237,52.9335
"2",71,-2,-2.7,-6.8,-6.1,-4.9,-4.9,-6.2,-4.3,-3,-0.4,-1.9,-2.2,-0.3,1,-2.6,-2.2,-3.6,-2.9,-0.7,2.5,1.7,-0.4,0.3,1,0.6,0,0.5,0.1,8.9784,48.2155
"3",73,-0.9,-0.8,-4.5,-7.1,-2.3,-2.7,-4.2,-1.9,-1.2,1.7,1,-0.1,-0.9,-1.7,-1.3,-3.2,-2.9,-0.5,-1.2,-0.6,1,2.2,3.5,3.6,1.9,1.1,2.1,2.6,13.0506,48.6159
"4",78,0.4,0.8,0.3,-1.6,-1.4,-1.4,-0.5,3.2,5.2,5.2,3.8,1.4,2.3,3.6,0.7,0.9,0.7,0.8,1.7,4.2,3.5,1.8,3.5,3.9,4.2,6.1,4.1,2.8,7.9119,52.485
"5",91,-0.9,0,-0.8,-2.7,-3.2,-3.2,-3.3,0.3,2.1,2.9,1,-0.9,-0.4,0.8,-0.9,-1.1,0.5,1.9,-0.4,5,3.9,1.2,1.7,2.6,2.6,3.6,2.5,1.6,9.345,50.7446
"6",125,-2.6,-2.6,-6.2,-5.7,-5.4,-5.5,-7.4,-5.3,-3.5,-2.6,-4.6,-4.9,-2.6,-3,-4.3,-4.2,-4.3,-3.7,-3,0.3,-0.6,-0.7,-0.6,0.5,-0.2,-2.6,-2.6,-0.7,10.8667,47.8342
"7",131,-0.9,-0.1,-0.6,-3.8,-3.4,-3.6,-3.1,-0.4,1.2,3,2.1,0.2,0.2,0.8,0.9,1.2,0.8,1,0.4,3.2,4.7,1.1,1.5,3.5,2.2,2.4,3.2,2.1,12.9328,51.088
"8",142,-1.2,-1.2,-6.6,-8.1,-3.4,-4.3,-6,-2.9,-2.1,0.2,-1.3,-1.9,-3.1,-3.4,-2,-1.3,-2.5,-2.2,-2.8,-0.3,0.8,0.6,-0.6,2.3,1,0.3,0,0.9,11.3117,48.4059
"9",150,0.7,0.8,-0.6,-1.6,-1.9,-1.7,-1.7,2.2,2.8,3.7,2.5,0.8,-0.6,0.6,-1.3,0.8,1.7,2.6,0.4,5.2,4.9,2.5,2.5,3.8,4.3,5.6,4,3.1,8.116,49.7272
"10",151,-2,-0.5,-2.3,-4.8,-2.8,-2.8,-4.5,-1,0,1.8,0.3,-1.3,-1.6,-2.4,-2.9,-1.5,-1.2,-0.4,-2.1,0.5,1.4,1.7,-0.4,2.7,0.6,-0.5,0.1,1.5,11.8547,49.4689
"11",154,-2.3,-1.1,-6.6,-6.8,-4,-4.1,-5.5,-3.6,-1.8,0.1,-2.4,-1.9,-3.2,-3.3,-3.2,-2.2,-3.1,-2.4,-1.7,-0.5,1.4,0.7,0.4,2.2,1.2,0.8,1.4,0.9,12.2924,48.0197
"12",161,0.4,2.6,1,-0.2,-1.8,0.6,-0.4,3.3,4.5,5.2,3.6,2.3,2.1,3.4,2.2,1.4,3.1,4.2,0.7,6.7,5,3.8,3.6,5.1,3.8,6.1,5,2.1,7.4203,50.4238
"13",164,0.6,0.5,-1.1,-1.3,-4.6,-5.2,-0.4,0.8,3.3,4.6,3.3,2,-0.5,-0.4,0.6,-0.4,0.2,2.6,3.7,2.6,5.6,1.4,1.8,3.5,2.7,2.2,3.3,2.8,13.9907,53.0316
"14",167,-0.9,0,-1.6,-1.5,-4.8,-7.7,1.2,1.4,3.7,3.9,1.6,1,-0.3,-0.3,1.5,-0.2,0.4,3.1,4.3,2.7,5.8,2.6,1.8,3.6,2.5,2,2.7,2.6,13.6846,53.8412
"15",183,1.6,0.5,-1.3,-0.8,1.3,1.1,3.4,2.3,4.3,3.9,2.4,0.4,-0.8,1.9,2.4,0.5,0.7,3.3,3.5,2.4,3.9,2.9,2,3.5,2.6,3.8,3.7,2.8,13.4343,54.6792
"16",191,0.7,0.6,-0.5,-3,-2,-1.6,-2.9,0.8,2,3,1.6,-0.1,-0.7,-1.2,-0.4,-1.2,0.2,1.3,-0.6,3.9,3.6,1.3,0.2,3.5,1.5,2.7,2.5,2.4,9.9113,49.9695
"17",198,-0.7,0.7,0.5,-1.6,-2.3,-3.3,-2.2,1.4,3.8,4.9,3.2,-0.9,0.7,-0.5,-0.4,1.4,-0.1,2,0.3,3.8,4.9,1.6,1.4,3.5,3.4,3.1,2.9,2.5,11.292,51.3745
"18",217,-1.6,-1.8,-4.5,-5.3,-5.1,-5.2,-6.4,-3.7,-2.4,-0.4,-2.8,-2.9,-2.1,-1.7,-3.3,-2,-2.9,-3.2,-1.3,2.9,2.2,0.1,0.7,1.5,1,-0.2,-0.6,1,11.3642,47.8774
"19",222,0.2,0.1,-0.4,-2.8,-4.5,-3.8,-3.3,-1,0.8,2.4,1.2,0.1,0,0.4,0.8,3,1.5,0.3,0.1,2.9,5.2,0.6,1.3,3.3,1.5,0.5,1.9,1.5,12.714,50.5907
"20",232,-0.9,-1.2,-6.8,-7.1,-3,-4,-6.1,-2.3,-1.5,0.4,-0.8,-1.8,-2,-2.9,-1.6,-0.8,-1.9,-1.5,-1.7,1.6,1,0.7,0.2,2.8,1.3,0.5,-0.3,1.4,10.942,48.4254
"21",257,0.8,0,-3.1,-3.3,-1,-1,-2,-0.5,0.5,1.3,0,-1.8,-1.6,1.5,-0.5,0.1,0.4,1.3,-0.8,3.7,5.2,1.8,4,4.6,4,4.7,3.7,2.4,8.2458,48.727
"22",259,1.5,1.1,-0.6,-2.6,-1.8,-1.3,-4.1,-2.2,-0.3,-0.4,-1.5,-1.4,1.2,5.6,1,0.6,0.7,1.5,0.1,6,5.1,2.7,5,4.5,4.5,4.8,4.7,3.8,7.6384,47.8063
"23",282,-0.2,0.6,-0.7,-2.2,-1.5,-1.7,-2.9,0.1,1.2,2.9,1.4,-0.1,-0.3,-1,-1.1,-1,-1.5,0.9,-0.9,3.4,4,1.3,0.4,2.9,1.9,0.6,1.9,3.4,10.9206,49.8742
"24",294,1.1,1.3,0.5,-1.7,-2.1,-2.8,-0.1,2.2,4.7,5.1,2.7,-0.8,2.1,5.7,0.4,1,1.8,3.8,2.8,4.6,4.7,3,3.1,4.4,4.8,5.9,4.3,3.7,9.4299,52.3198
"25",298,1.3,0.6,-1.4,-0.9,-3.9,-5.8,2.7,2.6,4.6,3.9,2.1,0.9,-0.9,0.5,2.4,0,0.4,4.1,4.3,3.1,4.7,2.8,2.2,3.8,1.9,3.4,3.3,2.9,12.7108,54.3406
"26",303,-0.1,0.9,0.2,-1.2,-1.2,-3.5,-1.8,1.6,3.6,4.9,4.5,-0.6,0.4,-0.3,1.1,0.6,1.4,3.1,1.4,3.8,5.6,0.9,1.7,3.8,2.4,1.2,2.3,3.3,13.4996,52.0614
"27",314,0.9,1,0.7,-2,-2.3,-3.1,-2.5,-0.1,1.9,3.3,2.8,1.1,1.8,1.6,3.5,0.1,2,1.8,1.6,2.8,4.8,2.9,3.4,5.2,3.5,3,4.4,2.5,14.5037,51.1605
"28",320,-1,-0.2,-2.3,-3.9,-4,-3.1,-4.9,-0.5,0.5,1.8,0.8,-0.9,-1.4,-1.9,-2.1,-0.5,-1.3,0.6,-1.6,1.7,2.3,1,0.3,2.7,1.1,0.3,1.6,2,11.5197,49.9667
"29",330,-0.7,-0.8,-2.5,-3.8,-4,-3.6,-4.2,-0.6,-0.2,1.2,0.1,-1.3,-0.8,0,-1.4,0,-1,-0.3,-1.7,2.6,2.9,1,0.2,2.2,2.4,3.7,2,1.5,8.9679,49.5617
"30",342,0.6,0.7,0.3,-2.2,-1.9,-2.1,-1.2,2.5,4.7,4.9,3.2,-0.7,2.2,4.4,0.3,1.7,1.3,1.9,1.9,4.2,3.7,2.5,3.1,3.9,4.3,6.1,4.3,2.9,8.1693,52.317
"31",377,1,0.8,-0.5,-1.2,-1.2,-1.2,-1.9,2.1,1.7,3.1,2,0.7,-0.4,1.5,-0.4,0.2,1,1.7,0.1,5,5.3,2.5,2.7,4.3,4.6,6,4.4,4.5,7.9963,49.1071
"32",390,-2.5,-2.1,-3,-5.2,-6,-5.1,-3.1,-1.7,0.6,0.9,-1,-2.4,-2.5,-0.7,0.2,-1.6,-1.1,-0.7,-3,0.7,1.2,-0.2,-0.7,0.3,1.2,1.5,0.2,-0.6,8.3679,50.9837
"33",400,1.3,1,-0.3,-1.2,-1.7,-4.1,-1.1,1.5,3.9,5.1,4.5,1.5,0.6,0.6,2.1,0.2,1.1,3.2,3.2,3.2,5.9,1.8,2.1,3.8,2.1,2.5,3.4,3.2,13.5022,52.6309
"34",403,0.8,0.7,-0.1,-1.1,-1.1,-3.5,-1.2,1.6,4,5,4.8,0.9,0.7,0.5,2.4,0.4,0.9,3.2,2.4,3.2,5.8,1.1,1.8,3.1,2,2.5,3.5,3.6,13.3101,52.4578
"35",410,0.4,0.8,-0.4,-1.2,-1.6,-3.7,-1.5,1.7,3.8,5,4.6,0.9,-0.2,-0.9,1.4,0.2,0.7,2.7,1.3,2.5,5.1,0.3,1.8,3,0.6,0.7,1.9,2.7,13.7309,52.404
"36",420,1.4,1.2,-0.1,-1,-1.2,-3.8,-0.9,1.6,4,5.2,4.7,1.4,1,1,2.4,0.2,1.3,3.5,2.8,3.3,5.8,1.9,2.1,4.1,3.3,3.2,4.1,3.8,13.5598,52.5447
"37",427,0.4,0.4,-0.3,-1.2,-1.8,-4,-2,1.6,3.9,4.9,4.6,0.3,0.8,0,1.7,0.3,1,2.9,1.7,2.8,5,0.9,1.7,3.3,2.5,2.1,3.3,3.4,13.5306,52.3807
"38",430,1.1,0.8,-0.1,-1.1,-0.8,-3.9,-1.3,1.7,4.1,5.2,4.9,1.8,1.3,1.5,2.6,0.6,1.2,3.2,3,3.7,6.2,2.2,2.4,3.9,3.1,3.6,4.4,4,13.3088,52.5644
"39",433,1.1,1.1,0.2,-0.9,-1.2,-3.4,-0.9,1.8,4.2,5.3,5.1,1.1,1.2,1.1,2.4,0.5,1.3,3.5,2.8,3.5,5.9,2.1,2,4,3.2,3.2,4.3,4.1,13.4021,52.4675
"40",445,-0.3,0.8,0.4,-1.3,-1.9,-4.2,-1.1,1.7,4.3,5.1,4,-0.5,1.8,1.2,0.2,1.9,0.2,2.9,1,3.8,4.7,1.5,1.5,3.2,2.9,3.1,3.1,2.9,11.7109,51.8218
"41",460,-0.3,-0.6,-2.3,-3,-3.7,-2.7,-2.4,1,0.8,2.1,1.6,-0.2,1.4,4.5,-0.1,-0.6,-0.2,1.6,-0.9,5.3,3.1,1.8,1.9,2.8,3.3,4.7,3.3,2.7,6.6868,49.264
"42",535,-0.9,-0.9,-2.3,-3.7,-4.7,-3.3,-3.4,0.3,1.2,1.7,0.8,-0.4,-0.6,1.4,-0.1,-0.4,-0.1,1.5,-1.7,4.6,2.4,1.4,1.5,2.1,2.5,4.1,2.6,1.2,7.3048,50.0355
"43",555,1.8,1.2,0.6,-0.6,-1.3,-1.3,0.2,3.3,4.5,5.1,2.7,1.7,4.8,7.5,3,2,2,2.5,1.7,5.4,4.1,3.4,3.6,4.1,4.5,6.2,4.9,4,7.2697,51.4789
"44",591,0.5,0.6,-0.9,-1.7,-0.8,-2.5,1,2.2,5.5,5.8,3.4,0.9,-0.3,1.3,1.8,0.8,0,3,2.5,3.6,4.3,2.9,2.6,3.6,3.4,4.2,2.7,2.6,10.6878,53.3911
"45",596,-1.4,0.4,-0.4,-0.5,0.5,-3.1,2.1,2.4,5.1,5.1,2.2,1.4,-0.3,0.9,2.2,0.9,0.4,3.4,3.1,3.3,4.4,3.1,2.5,3.5,3.2,4.7,2.7,2.6,11.1908,54.0028
"46",603,0.7,1.2,0.7,-1.1,-2.2,-0.9,-0.6,2.8,3.6,4.4,3,2.2,2.6,5.1,3.9,1.7,2.1,3.5,0.6,6.1,4.8,3.5,3.3,4.5,3.9,6,4.6,3.8,7.1931,50.7349
"47",617,1.6,1.1,0.9,-0.9,-1.1,-1,0.1,3.3,4.9,5.2,2.6,0.1,3.8,6.8,2.6,1.6,1.9,0.2,2,4.8,3.6,1.9,3.7,4.5,4.1,6.4,5,3.6,6.8862,51.8728
"48",656,-2.7,-2.6,-3,-5.3,-5.7,-6.1,-3.1,-2.9,1.1,1.4,-0.2,0.2,0.3,2.4,-0.9,0.6,-0.4,-0.1,-1.5,0.7,1.7,-0.5,-1,0.3,0,0.5,-0.1,-0.9,10.6021,51.7234
"49",662,0.6,1.3,0.2,-1.9,-2.2,-2.9,-1,1.8,4.6,5.1,3,0.4,0.4,2.6,0.7,2.3,1.4,3.2,1.8,4.9,5.7,2.8,2.9,4.2,4,4.3,3.1,3.2,10.4465,52.2914
"50",691,0.9,0.9,0.1,-1.5,-0.8,-1.2,0.8,3.4,5.9,6.1,4.5,1.5,2.4,3.9,2,2.3,0.7,1.8,2.1,4.2,4.3,2.9,3.7,4.1,4.4,6,4.7,2.8,8.7985,53.0445
"51",701,0.9,1.9,0.4,-0.5,-0.3,-1.4,1.9,3.7,4.8,4.7,4,2.2,2.5,3.8,2.1,2.4,1.5,1.9,2.3,3.6,3.5,2.7,3.8,4.1,3.9,6,4.7,3.7,8.5761,53.5332
"52",704,0.8,1.1,-1.6,-3.4,-1.4,-3.6,1.1,3.1,5.8,5.7,3.7,1.7,1.9,2.7,1.6,1.8,0.5,1.8,2.4,3.7,3.7,3,3.5,4.1,4,5.9,4.5,2.9,9.139,53.4451
"53",722,-6.2,-6,-6.6,-8.4,-8.9,-9.2,-5.3,-7,-2.4,-0.7,6.1,6.3,2.8,2.9,-1.3,-2.1,0.3,-0.8,1,-2.3,-2.8,-4.9,-4.6,-3.4,-3,-2.6,-3.3,-4.8,10.6183,51.7986
"54",755,0,0.1,-2.2,-3.7,-2.3,-2.3,-3.9,-0.3,0.3,1.3,0.9,-1.1,-1.6,-1.4,-0.3,0.8,-0.2,0.4,-1.3,0.9,3.1,0.6,-0.3,2.7,2.3,2.6,2.5,1.7,9.3214,49.5181
"55",757,0.5,-0.1,-2.4,-3.8,-2.1,-1.7,-3.9,-3.4,-0.8,1.3,-0.5,0.6,3.5,5.1,1,0.1,-0.3,1.7,0.3,5.2,2.8,1.7,3,3.3,2.6,3.6,3,2.3,7.998,47.9624
"56",766,-1.6,-1.6,-2.6,-3.3,-4.8,-3.6,-2.5,0.4,1.3,1.5,0.3,-0.8,-0.5,2,-1.2,-1.4,0,1.3,-2.5,3.5,1.7,0.8,0.5,1.1,1,3.4,1.8,0.5,7.0595,50.1746
"57",817,-1.4,-0.2,-1.5,-2.6,-2.5,-2.3,-1.5,1.1,2.8,3.7,1.7,-0.5,-1.1,-0.3,-0.3,-1,1.9,2,-0.3,3.7,3.9,1.9,1,2.2,2.8,4.2,2.5,1.6,8.8146,51.0306
"58",840,-4.2,-4.2,-4.7,-6.5,-8.8,-8,-6.2,-5.5,-2.6,-1,-0.2,-0.1,-3.1,-3.3,-2.9,0.2,0.2,-3.1,-1.8,-1.2,0.8,-2,-2.4,-0.7,-1.7,-1.8,-0.1,-1.7,12.6114,50.4313
"59",850,0.9,1,0,-2.6,-2.2,-2.7,-1,2.2,5,5.4,3.7,0.2,1.1,3.1,1.6,2.1,0.8,2.9,1.2,4.4,4.9,2.7,2.5,3.9,4.5,4.8,3.6,3,10.0296,52.5959
"60",853,-0.8,-0.9,-1.5,-4.1,-4.3,-4.1,-3.8,-1.5,0.4,1.8,1.1,-0.1,-0.1,0.2,1.3,3.4,1.4,0.5,0,3.3,5,1.1,1.5,2.9,1.9,2.6,2.9,1.5,12.872,50.7913
"61",856,-1.2,-0.8,-4.4,-3.6,-4.4,-4.4,-5,-2.4,-0.9,0.8,-2.6,-1.9,-2.9,-3.3,-3.5,-1.3,-2.6,-2.1,-1.5,2.5,2.9,1.1,1.8,2.7,1.7,1.6,1.6,1.8,12.5404,47.8843
"62",867,-1,-0.8,-1.8,-4.5,-3.1,-3.4,-4.4,-0.8,0.1,1.8,0.7,-1.4,-1.7,-2.4,-1.1,1.1,-1.9,0.5,-1.8,2.1,2.5,0.6,-0.3,2.4,1.6,1.5,2.2,2.3,10.968,50.3067
"63",880,0.1,1.1,0.3,-1.4,-1.6,-2.8,-1.6,1.4,3.3,4.8,4.6,1.7,0.5,0.1,2.1,0.5,2.2,2.7,1.6,3.6,6,2.5,3.4,4.6,1.9,2,2.7,3.3,14.3168,51.776
"64",891,1,2.6,0.4,-0.5,-0.1,-1.3,3.6,3.6,5.5,5.5,3.9,2.2,1.7,2.5,2.6,2,1.7,3.2,3.1,3.7,3.4,3.2,3.9,4.8,4.1,5.7,4.9,3.9,8.7058,53.8713
"65",896,-0.1,1.3,1,-1.4,-3,-2.9,-1.4,1.3,3.6,4.7,2.3,-0.5,-1.6,-1.3,-1.7,-0.3,0,1.5,-1.1,4.2,4.7,1.2,2.3,3.6,2.5,1.1,2.8,2.4,10.8626,51.0773
"66",917,1,1.3,0,-2.3,-1.8,-1,-2.4,1.2,2,3.6,2.7,0.7,0.5,1.1,0,2.1,2,2.6,0.9,6.7,5.4,2.2,2.8,4.5,4.1,5.4,4.1,2.6,8.6779,49.8809
"67",953,-1,-1.5,-3.1,-3.7,-5.3,-3.9,-3.4,-0.1,0.6,1.3,0.5,-0.7,3.1,2.9,-0.1,-0.3,-0.8,0.8,-2.2,4.5,1.8,1,1.3,1.8,2.5,3.8,2.1,1.2,7.0541,49.7619
"68",954,4.4,4.6,3,2,1.3,2.5,5.8,5.2,6,6,4.4,3,3.7,4.2,3.6,3.6,5,5.3,4.2,4.3,4,4.7,4.7,5.1,4.5,5,5.5,5,7.45,54.1667
"69",963,0.4,0.9,0.5,-1.4,-1.3,-1.3,-0.1,3.2,5.4,5.5,4.1,1.1,1.9,3.8,1.3,1.3,0.8,1.1,1.7,4.1,3.8,2.3,3.5,4,4.4,6.2,4.8,2.7,8.3424,52.5881
"70",979,-1.8,0,-0.7,-2.9,-3.6,-2,-1.2,1,2.1,3.2,1.3,-0.6,-1.1,0.1,0.3,-0.6,1.2,1.9,-0.8,3.7,3.2,1.2,0.7,2.2,3,4,2.4,1.5,8.2622,50.7313
"71",983,-0.4,-0.7,-6.5,-6.7,-2.8,-3.6,-5.1,-2,-1,0.5,-0.1,-1.5,-1.8,-2.7,-1.4,-0.7,-1.6,-1.2,-1.1,-0.1,0,0.9,0.4,3.1,1.4,0.1,-1,1.9,10.5599,48.5562
"72",991,-0.1,-0.5,-0.9,-4,-3.5,-3.7,-3,-1,1.2,2.6,1.3,-1.3,-2,-2.1,1.6,2.7,2,0.8,-0.1,2.6,4.6,0.8,2.1,3.4,2,0.5,0.9,1,13.713,50.9169
"73",1001,0,1,0.5,-1.4,-1.5,-3,-1.6,1.3,3.2,4.6,4,0,0.1,-0.1,2.2,1,1.6,2.8,1.2,3.1,5.1,1.3,1.8,4.2,1.9,1.3,2.1,2.8,13.5747,51.6451
"74",1048,0.8,1,0.5,-2.5,-2.2,-2.8,-2.1,0.1,2.1,3.6,2.7,0.2,1.3,0.6,3.5,1.4,2.5,2,1,3.2,5,2.6,2.8,4.8,3.3,2.7,3.8,2.4,13.7543,51.128
"75",1050,1.6,2.1,1.7,-1.2,-0.9,-1.5,-0.8,1.2,3.2,4.8,3.7,1.1,2.3,1.4,5.2,3.9,3.4,2.8,1.4,4,5.4,2.8,3.5,5.1,2.5,2.1,3.1,3.2,13.847,51.0221
"76",1051,1.8,2.1,1.8,-1.3,-0.8,-1.4,-0.8,1.3,3.4,4.9,3.6,0.9,1.6,1.3,3.1,2.3,3.1,2.8,1,3.2,5.6,2.8,3.1,5.1,2.7,2.3,3.3,3.2,13.7737,51.024
"77",1052,-1.5,-0.1,-0.2,-1.3,-2.1,-4.9,-1.2,1.5,4,4.9,4.3,0.4,1.7,1.1,1.1,1.3,-0.1,2.6,1.3,3.6,5.2,1.8,1.5,3,2.7,3.3,4.2,3.2,12.1635,52.2172
"78",1072,2.1,2.2,0.2,-1.1,-0.9,-0.7,-1.4,3.2,3.5,4,2.9,0.8,0.2,1.5,-1.2,1.6,2.2,2.7,1.1,4.1,5.3,2.7,2.7,4.9,5.3,5.9,4.7,4,8.1929,49.4719
"79",1078,1.7,1.2,0.9,-0.9,-1.9,-0.6,0.7,3.7,4.7,5.3,3.9,3,4.1,6.1,2.6,2.7,2.7,3.4,2.3,5.5,4.1,3,3.5,4.3,4.4,6.2,5.2,3.8,6.7686,51.296
"80",1103,-1.8,-1.4,-4.3,-5.3,-4.2,-4.7,-5.6,-3.8,-2.3,0.6,-1.9,-2.5,-3.4,-3.7,-2.7,-1.8,-3.8,-3,-2.1,2.9,2.6,0.3,0.6,2.1,1.5,1.3,1.4,0.6,11.9872,48.1002
"81",1107,-0.5,-0.2,-1.8,-3.7,-2.8,-2.9,-4.4,-0.7,0.1,1.4,0.2,-1.2,-1.5,-2,-1.2,-1.9,-2.2,-0.1,-1.9,1.5,2.4,0.6,-1,2.6,1.8,0.4,1,1.8,10.499,49.852
"82",1161,-2.1,-0.5,-7.2,-8.7,-3.2,-3.4,-7.2,-2.1,-0.9,1.6,0.3,-1.1,-1.9,-2.2,-1.5,-2.2,-1.7,-1.1,-2.3,-2,-1.1,1.2,0.1,2.3,0.2,-0.8,0.1,1.4,11.2347,48.8779
"83",1197,-1.8,-1.2,-5.7,-7.2,-3.4,-3.6,-5.5,-2.3,-1.3,1,-0.1,-1.5,-1.7,-2.1,-1.6,-0.5,-2.3,-1.8,-2.4,1.4,2.9,1.3,0.6,1.7,1.5,1.5,1.4,1.8,10.1312,48.9895
"84",1200,-0.2,1.7,-1.1,-2.3,-1,-3.2,3.1,2.6,5,4.9,3.7,1.9,0.8,1.6,2.3,1.2,0.5,2.6,2.4,3.2,2.8,2.9,3.5,4,3.7,5.2,4.7,3.2,9.0106,54.0691
"85",1207,-2,-1.7,-2.8,-4.7,-6.6,-5.2,-5.6,-2.4,-0.6,0.9,-0.6,-2.9,-3.2,-3,-0.3,1.9,-0.1,-0.5,-2.6,0.5,2.2,-0.3,-0.6,1.1,-0.8,-0.8,1.2,0.8,12.2738,50.2707
"86",1214,-0.1,-0.7,-2.7,-3.2,-2.7,-2.6,-3.5,-3.8,-1.7,1.2,-0.1,0,1.5,4.3,0.5,-0.2,-0.3,1,0.8,3.8,3.5,1.4,2.1,3,2.5,3.4,2.7,2.2,8.1089,48.2012
"87",1224,2,1,-0.4,-1,-0.5,0.1,-1.6,-2,0,1.8,-0.4,-2,0.1,4.5,0.7,1,1.3,3.3,1.8,4.1,5.4,3,3.7,4.7,4,4.9,4.6,4,7.8351,48.1378
"88",1255,0.5,0.7,-1.5,-2.5,-0.9,-1.1,-2.8,0.1,0.2,1.8,1.7,0.1,0.1,0.9,-0.5,0.4,0.2,0.7,-0.3,2.5,4,1.7,1.2,3.8,3.5,4.3,3.5,2.8,8.8523,49.1664
"89",1262,-0.2,-0.4,-6.9,-9.3,-3.3,-3.7,-5.5,-2.3,-1.5,0.4,-1.2,-1.5,-3,-2.7,-2.2,-1.4,-1.9,-1.5,-2.4,-1.4,0.6,1.3,1.1,2.8,1.7,0.8,0.6,1.3,11.8133,48.3477
"90",1266,-1.5,0.8,-1.5,-3.2,-1.2,-3.5,3,2.8,5.4,5.3,3.5,1.9,0.8,1,2.5,1.1,0.3,3.1,2.9,3.1,2.9,3,3.2,4.2,3.9,4.9,4.4,3.3,9.3161,54.2989
"91",1270,-2,-0.2,-0.7,-2.8,-4,-3.9,-2.6,-0.4,1.6,2.8,1.9,-1.4,-0.3,0.1,-1.9,0.9,-0.8,0.9,-1.5,3.2,3.7,1,1.5,2.6,1.9,3.3,2.9,1.7,10.9608,50.9829
"92",1279,0.1,0.3,-0.9,-2.6,-1.6,-1.6,-3.2,0.4,0.7,2.6,1.1,-0.3,-0.4,-0.9,-0.7,-0.8,-1.3,0.5,-1.1,3.2,3.7,2.2,0.3,2.8,1.8,1.1,2.7,3,11.0073,49.6497
"93",1297,0.1,1.1,0.4,-1.4,-1.5,-2.1,-2.2,1.2,3.8,4.7,3.2,0.4,1,1.1,-0.6,0.1,1.4,2.7,0.9,5.7,4.8,1.9,2,4,3.1,3.9,3.5,1.9,10.0638,51.1834
"94",1300,-1,0.1,-1.2,-3.8,-3.9,-3.2,-3.5,0.8,2.6,2.9,1.2,-0.6,-0.3,1.4,1.7,0.2,0.9,1.3,0.4,3.4,2.5,1.6,1.2,1.7,2.8,4.2,2.5,1.4,8.1563,51.254
"95",1303,1.1,0.6,0.4,-0.7,-1.7,-1.5,0.2,2.7,4,4.7,3,1.9,4.4,7.1,3.8,2.3,1.9,2.5,1.3,4.6,3.4,2.4,2.7,3.7,3.7,5.5,4.6,3.4,6.9676,51.404
"96",1327,0.8,1.4,0.7,-1.5,-1.6,-0.9,-0.9,2.7,3.7,4.5,3.5,2.1,3,4.4,3.8,1.7,1.8,3.7,1.3,6.1,4.3,3.1,4.3,4.2,3.9,6,4.5,3.7,6.791,50.7119
"97",1332,-1.4,-0.9,-4.2,-6.3,-3.2,-4,-5,-2.4,-1.9,1.2,0,-1.2,-2.4,-2.7,-0.6,-0.9,-1.7,-1.5,-2.7,0,2.3,1.7,2.2,3.1,2.2,2,2.4,1.5,12.724,48.4832
"98",1339,0.5,0.5,-0.8,-3.1,-2.9,-3.5,-0.8,1.8,5.1,5.1,3.6,-0.3,0,1.4,0.4,1.1,-0.6,2.5,1.1,3.9,4.2,2.4,2.1,3.3,3.7,4.5,3.3,2.2,10.1885,52.9157
"99",1346,-7.2,-7.1,-8.9,-10.4,-10.7,-10.4,-8.4,-7.8,-7.7,-0.6,4.9,4.7,2.7,-0.2,-0.6,1.8,0.1,-0.6,0.9,0.6,-3.7,-5.2,-3.2,-4.9,-3.8,-3.2,-3.2,-5,8.0038,47.8749
"100",1357,-2.5,-2.2,-4,-5.8,-6.5,-5.7,-5,-3.6,-1.8,0.3,-1.3,-3.7,-3.9,-4.4,-1.9,-0.1,-0.8,-1.3,-4,-0.2,2.1,0,-1.6,0.8,-0.4,-1.4,-0.7,0.1,11.8376,49.9807
"101",1358,-6,-6.4,-6.4,-8.5,-10.1,-9.4,-7.5,-7.9,-4.2,-2.8,2.7,4.9,3.1,2.2,-3,-2.9,-0.8,-3.7,1.2,-0.8,-0.7,-3.9,-4,-3,-3.8,-3.2,-1.6,-3.9,12.9535,50.4283
"102",1411,-3.3,-3.1,-3.7,-5.6,-7,-6.9,-3.5,-3.5,-1.2,-0.2,-2.6,-4.3,-4.6,-2.3,-1.5,0,-2.2,-1.4,-4.8,1.5,0.8,-1,-0.8,0.1,0.2,1,-0.4,-0.5,10.048,50.5309
"103",1420,0.9,1.5,-0.2,-1.2,-0.8,-0.5,-1,2.7,3.5,4.2,3.2,1.3,0.6,1.5,0.7,2.3,2.7,3.3,1.2,6,5.5,2.7,1.8,4.2,3.6,5.5,4.3,3.1,8.5215,50.026
"104",1424,1.4,2,0.8,-0.5,-1,-0.7,-0.5,3.2,4,5.2,3.2,1.5,1.3,1.9,2.1,2.4,3.1,3.8,1.4,6.8,6,4,2.7,5,5.1,6.6,5.1,4.3,8.6694,50.1269
"105",1443,1.9,1.3,-0.3,-2,-0.7,0.1,-2.6,-2.4,0.3,1.4,-1.1,-2.1,0.9,6.1,0.6,0.7,1.2,1.7,1.4,5.2,5.1,3,4,5,4,5,4.6,3.9,7.8344,48.0233
"106",1451,-0.2,1.6,-0.6,-1.7,-0.5,-2.7,2.4,3,5.3,5.3,3.6,1.9,0.9,1.9,2,1.4,0.6,2.1,2.7,3.4,3.6,2.5,3.5,4.3,4.1,5.4,4.7,3.1,9.2486,53.8278
"107",1468,-2.6,-3.3,-6,-6.3,-6.3,-6.4,-7.3,-3.8,-3.6,-1.1,-2.2,1.1,3.7,3.4,0.2,-1.6,-2.2,-2.9,-1.4,4.3,1,-0.8,-0.3,-0.1,0.1,1.6,0.5,-0.1,8.4091,48.4537
"108",1473,-1.5,-1.2,-5.4,-7.6,-3.4,-3.6,-5.5,-1.8,-1.1,1.2,-0.3,-1.7,-2.3,-2.7,-2,-3,-3.6,-1.5,-2.7,0.4,2.2,1.4,-0.5,2.3,1.1,0.2,1.7,1.4,11.3736,49.1782
"109",1503,0.4,0.8,0.2,-1.5,-0.7,-1.3,1.2,3.8,5.8,5.7,4.3,2.3,2.9,4.6,2.1,2,1,1.7,2.6,4.1,3.9,2.2,4,4.6,4.1,6.1,4.9,3.6,7.9022,53.0643
"110",1504,-0.5,0.4,0.3,-1.5,-1.6,-1.6,-1.4,1.4,3.3,4.2,1.9,-0.1,-0.2,0.5,-0.1,-1.5,1.6,2.8,0.4,5,4.4,1.9,1.7,3.2,2.9,4.6,3.2,2.1,9.2799,51.119
"111",1544,0.8,1.2,0.1,-1.3,-2,-4.4,-1.3,1.9,4.5,5.1,4.3,0.1,-0.6,0.5,1.1,1.8,0,2.5,1,3.2,5.1,2.5,1.7,3.1,2.5,3.1,3.3,2.8,11.3941,52.5129
"112",1550,-4.2,-2,-5.1,-4.5,-5.2,-4.9,-5.7,-5.3,-3.5,-3.2,-3.6,-2.9,-1.7,-0.1,-3.1,-2,-0.5,-1.6,-1.3,0,1.4,0.4,0.7,1.1,0,-1,-1.5,0.7,11.0623,47.4831
"113",1580,1.1,2.1,0.4,-0.1,-1.2,0,-0.3,3.1,3.7,4.3,3.3,1.7,0.2,1.8,0.1,1.5,2.8,3.9,0.9,6.3,5.4,3.5,2,3.9,3.7,5.8,4.8,3.3,7.9549,49.9859
"114",1584,-1.2,-2.1,-5.3,-7.5,-4,-4,-5.8,-6.2,-3.6,-1.1,-4.2,-4.9,-3.6,-0.6,-3.1,-3,-4,-1.9,-1.2,1.1,0.4,-0.2,0.1,1.4,0.4,-1.4,0.5,0.6,8.6471,47.9241
"115",1587,-2.1,-1.5,-4.6,-6.2,-4,-4.3,-5.7,-2.7,-1.9,0.7,-0.8,-2.2,-2.8,-3.3,-1.7,-2.3,-3.5,-2.3,-3.3,-0.5,1.5,1.1,-1.1,1.9,0.7,0.5,1,0.8,11.4289,48.9481
"116",1590,1.8,1.1,1.3,0.1,-1,-0.8,0.7,3.8,4.8,5.3,3.5,2.2,3.4,6.1,3.2,2.1,3,0.6,2.5,5.4,3.7,2.4,4.4,4.4,4.1,6.5,5.2,3.9,6.2463,51.4943
"117",1602,1.7,1.2,-1.2,-2,-0.1,0.4,-1.9,-1.6,0,1.7,0.7,-1.1,-0.5,3,0.3,1.1,1.2,2.2,1.3,4.6,5.8,2.9,3.7,4.6,4.8,5.8,4.4,3.9,7.9931,48.4329
"118",1605,0.2,1,-0.1,-1.3,-1.9,-5.3,-1.2,1.6,4.4,5.3,4.8,0.6,0.5,-0.5,0.8,1.2,-0.2,2.9,1.4,3.5,5.5,1.5,1.7,3.3,1.8,2.2,3.3,2.9,12.1601,52.3875
"119",1612,-1.2,0,-0.7,-2.9,-3,-3.4,-2.3,-0.3,2.1,3.2,1.7,-0.4,-0.1,0.1,0.1,1.7,0.2,1.1,-0.2,2.7,3.7,1,1,2.9,2.1,2.1,2.7,2.2,12.1289,50.8813
"120",1639,-0.1,0.6,0.2,-1.5,-2.2,-1.4,-0.8,1.8,2.9,4.2,2.2,0.3,0.2,0.6,0.2,0.1,2.1,3.1,0.3,5.3,4.4,2.1,0.8,2.8,2.3,4.8,3.6,1.9,8.6439,50.6017
"121",1666,-1.6,0.8,-1.1,-2.6,-0.5,-1.8,4,3.1,5.8,5.9,3.8,1.9,1,1.2,3,1.6,0.5,4.9,3.4,2.8,2.2,2.8,3.5,4.4,3.6,4.9,4.9,3.8,9.5057,54.8273
"122",1684,-0.1,0.3,0.1,-2.2,-2.5,-3.5,-3.5,-0.4,1.7,3.3,2.8,1.2,2,1.4,2.4,-0.3,0.5,1.1,0.2,2.1,4.5,2.5,2.6,4.4,2.5,2.1,1.9,2,14.9506,51.1622
"123",1691,-0.1,1.1,0.7,-1.5,-1.5,-2,-2.8,1.4,3.7,4.7,3,0.4,1.6,2.2,0,1.1,1.5,2.3,1.1,5.4,5,2.7,2.2,3.9,3.1,4.5,3.2,2.5,9.9506,51.5003
"124",1694,-0.6,0.2,-1,-1.4,-1.1,-4.4,0.9,1.9,5.1,5,2.1,0.8,-1.1,0.9,1.6,0.4,0.4,3.1,3.2,3.1,4.7,2.5,1.8,3.7,2.4,3.3,3.3,2.5,12.1033,53.606
"125",1721,-1.8,-1.3,-2.7,-4,-4.2,-4.1,-4.9,-2.1,-1.3,0.8,-0.8,-2.1,-2.7,-3,-1.1,0.7,-2.4,-1.3,-3.2,1.8,3.1,1,-0.4,1.9,0.9,1.6,2,1.2,11.2239,49.6639
"126",1735,-2.4,-2.2,-4.1,-5.6,-3.5,-4.3,-5.5,-4.9,-3.7,-0.5,-1.1,-3.3,-3.5,-3.9,-0.4,3,1,-2.4,-3,0.6,2.2,0.7,1,1.5,0.4,0.6,1.6,0.6,13.6291,48.7893
"127",1736,-0.5,0.3,-0.6,-1.7,-0.3,-2.8,1.4,2.5,5.8,6.3,3.3,1.2,-0.1,2,2.1,1,0,3,2.6,3.7,4.3,3.1,2.9,3.4,3.1,4.3,3.1,2.5,10.6795,53.5732
"128",1757,-0.2,0.1,-1.7,-1.3,-3,-6.2,1.8,1.9,4.3,3.9,2.1,1,-0.3,-0.1,1.8,0,0.7,3.8,4.5,3.1,5.5,3.1,2,4,2.7,3.4,3.7,3.2,13.4056,54.0967
"129",1759,0.9,0.6,-0.6,-0.1,0.3,-0.8,2.1,2.3,3.8,3.1,2.5,0.8,0.1,1.3,2,0.5,1,2.9,3.7,2.5,4.2,2.9,2.2,3.4,2.7,3,3.2,2.8,13.9102,54.2437
"130",1766,1.4,1.4,1.1,-1.5,-1.1,-1.5,-0.5,3.2,5.3,5.3,3,-0.1,2.4,5.3,1.4,2.1,0.9,1.1,1.9,4.9,3.7,2.1,3.8,4.6,4.6,6.4,4.9,3.4,7.6964,52.1346
"131",1803,-0.3,0,-1.4,-1.4,-3.3,-7.1,1.9,2.1,4.8,4.3,1.4,0.8,-1.1,0.6,2,-0.1,0.1,3.2,3.3,2.9,4.5,2.6,1.9,3.5,2.1,3.3,3.3,2.6,12.3238,54.0714
"132",1832,-7.4,-7.7,-8.8,-9.4,-10.3,-11.3,-8.7,-9.4,-7.6,-2.8,2.5,4,1.4,1.5,1.3,-0.2,0.2,-0.5,-0.1,-0.7,0.3,-3.9,-4.1,-3.6,-4.8,-4.8,-3.1,-4.5,13.1342,49.113
"133",1863,0.1,0.1,-1.1,-2.9,-3.1,-2.5,-2.7,0.2,1,2.6,1.3,-0.3,0,0.1,1.1,0,0.4,1.9,-0.5,6,4,1.8,1.2,3.1,3.5,4.5,3.1,2,9.1878,50.2663
"134",1869,-0.8,0.1,-1.8,-1.6,-4,-6.4,-0.3,0.5,3,4.3,2.1,0.6,-1,0,1,-0.5,0,1.9,3,1.9,5,1.1,1.7,3.2,2.5,2.6,3.4,2.2,13.9338,53.3153
"135",1957,-0.2,0.9,0.5,-1.7,-1.5,-3.1,-1.2,1.3,3.7,5.1,4,-0.4,1.8,1,0.9,2,0,2.4,1.2,4.3,5.1,1.4,2.1,4.1,2.8,2.7,4,3.5,11.9499,51.5138
"136",1964,-0.5,-0.4,-2,-1.8,-3.3,-2.1,-1.3,1.9,2.1,2.8,2.4,-0.8,0.9,4.9,2.4,-0.7,0.5,2.4,-0.6,4.2,2.9,1.4,1.2,2.3,2.2,4.6,3.3,0.8,6.3821,49.9445
"137",1975,-0.3,1.2,-0.5,-1.8,-0.6,-2.4,2,2.8,5.6,5.9,3,1.4,0.5,2.5,1.8,1.3,0.8,2.4,2.6,4,4.2,3.4,3.4,4.1,4.3,5.4,3.9,3.2,9.9881,53.6332
"138",1981,1.1,1.4,-0.1,-1.4,0.3,-1.2,2,3,5.8,5.8,3.6,1.4,1.1,2.7,2.2,2,1,3.1,3.3,4.4,4.5,3.6,3.6,4.4,4.9,5.7,4.5,3.7,9.8957,53.4777
"139",2014,1.2,1.2,0.2,-2.4,-2.3,-3.1,-1,2.2,4.9,5.5,3.2,-0.2,2.2,4.4,1.1,2.2,1.3,3.4,2.3,4.9,5.1,3,3.2,4.5,5.2,5.8,4.2,3.2,9.6779,52.4644
"140",2023,-1.7,-1.4,-5.4,-7.5,-3.9,-4.5,-6,-2.1,-1.2,1,-0.6,-2.3,-2.8,-3.3,-2.2,-1.3,-2.3,-2.2,-2.7,-0.3,0.4,1.3,-0.4,2.2,1.8,0.4,-0.5,0.9,10.7062,48.7918
"141",2039,0.7,1.3,0,-2.2,-3,-4.6,-1.5,1.1,4.1,4.4,2.3,-1.5,-0.9,2,-1,0.1,0.3,2.9,3,5.1,5.2,2.4,3,4.1,4.4,4.8,4,3.3,10.5701,51.9
"142",2044,-2.7,-2.2,-1.9,-3.7,-4.3,-6,-3.6,-1.1,2.6,2.9,1.4,-1,0.8,1.3,-1.7,0.2,-0.8,1.2,-0.4,2.3,2.5,0.7,0.1,1.6,1.2,1.7,2.1,0.9,11.1367,51.652
"143",2074,-0.3,-1.6,-6.8,-7.8,-3.8,-3.7,-6.2,-3.4,-1.8,0.4,-1.8,-0.7,1.2,2.3,-1.2,-1.9,-2.1,-0.8,-0.2,4.6,2.9,0.8,2.1,2.1,2.1,2.2,2.1,1.9,8.9801,48.3751
"144",2110,1.7,1.4,1.3,0.3,-1.5,-0.6,0.5,3.5,4.3,5.1,3.5,1.7,3.6,5.7,4,1.8,2.8,1.6,2.8,6.2,4.3,3.3,5,4.8,4.6,6.4,5.1,4.6,6.1041,51.0412
"145",2115,3.7,3.9,1.9,1.1,0.9,1.8,5.2,4.8,5.8,6.1,4.3,2.8,3,3.2,3.2,3.2,4.4,5.2,4.1,4.2,3.5,4.5,4.6,5.1,4.4,5.2,5.5,4.8,7.892,54.175
"146",2171,-0.2,0.5,-0.5,-2.2,-2.5,-3.1,-1.8,0.9,2.4,3.5,1.7,-0.5,0.6,0.5,-1.1,-0.4,0.7,2.2,-0.5,5.3,4.4,1.6,1.4,2.9,3,3.4,3.1,1.9,9.7378,50.8519
"147",2174,-0.9,0.2,-0.2,-3.5,-3.3,-3.6,-5,0,2.2,3.9,1.8,-0.3,1.3,2.5,0.8,2.8,0.5,1.9,0.5,4.2,4.4,1.7,1.3,2.3,2.7,3.7,2.6,1.6,10.3704,51.6254
"148",2201,2.4,1.1,-0.6,-0.4,-0.3,-0.1,3.8,3,4.5,4.2,2.9,1.1,-0.6,1.7,2.8,0.5,0.9,3.7,4.2,3.2,4.6,3.3,2.3,3.8,2.9,4,4,3.1,13.1044,54.575
"149",2211,-0.7,-0.1,-0.6,-2.6,-3.6,-1.8,-1.2,1.4,2.3,3.3,1.4,0.1,1.2,4.1,2.8,0.4,1,2.3,-0.6,4.8,3.4,2.3,1.2,2.7,2.6,4.6,3.1,2,7.6528,50.7371
"150",2252,-0.7,-0.4,-0.4,-2,-2.6,-3.1,-2.9,0,1.9,3.3,2.6,0.9,1.6,1.2,4.2,-0.9,1,1.6,-0.4,1,3.4,1.4,2,4,1.2,0.8,0.8,1.3,14.7456,50.8994
"151",2261,-2.2,-1.9,-2.9,-4.8,-5.7,-5.5,-4.5,-2.7,-0.7,1.1,-0.6,-3.1,-3.3,-3.2,-0.7,1.2,-0.1,-0.4,-3.3,1,2.2,0.3,-0.2,1.7,0.2,-0.4,0.9,0.8,11.8761,50.3122
"152",2290,-3.6,-4.1,-5.6,-6.6,-7.3,-7.4,-8.1,-6.6,-5.3,-1.7,2,4,4.1,3.2,-0.3,3,0.9,-4.9,1,5.4,2.3,-1.9,0.1,-0.5,-0.6,-0.3,0.1,-1.4,11.0109,47.8009
"153",2303,-1.9,0,-1.7,-3.6,-1.2,-3.8,3.1,2.7,5.6,5.5,3.4,1.8,0.6,0.9,2.6,0.9,-0.3,3.6,3.2,3.1,3.1,3.2,3.5,4.4,3.8,5.3,4.1,3.2,9.539,54.3146
"154",2306,-1.5,0.3,-0.1,-0.1,0.5,-2.2,3,3,5.7,5.7,2.9,1.6,0.2,1.5,2.6,1.1,0.2,3.5,3.5,3.3,3.8,2.9,2.9,3.8,3.7,4.8,3.3,2.8,10.6733,54.3195
"155",2315,-0.4,1.1,0.2,-1.5,-2,-3.4,-1.7,1,3.4,4.6,4,0.7,0.1,0.2,1.8,1,1.4,2.3,0.8,3.4,4.2,0.3,1.4,3.2,0.6,0.7,2.4,2.8,13.1666,51.7657
"156",2319,-2.2,-1.9,-4.5,-4.6,-5.1,-5.1,-6.1,-4.2,-2.9,-0.6,-3.5,-2.7,-3.3,-3.8,-3.7,-2.5,-2.3,-3.3,-1.8,2.1,2.4,0.5,1.5,1.5,0.8,-0.3,0.4,1.1,11.6962,47.8823
"157",2323,0.1,1.2,1,-1.2,-1.2,-2.2,-1.8,2.3,4.3,5.3,3.3,0.5,1.2,1.8,-0.4,0.1,1.6,3.1,0.7,4.9,5.2,3.2,2.5,4,3.7,5.4,4,3.2,9.4964,51.8539
"158",2362,-0.7,-0.3,-1,-2.7,-3.9,-2.2,-2,1.1,2.2,2.9,1.3,0,0.7,2.6,2.5,-0.1,0.8,2.3,-1.1,4.5,2.6,1.8,1.2,2.7,2,4.2,3.1,1.6,7.4839,50.5652
"159",2385,-0.4,-0.7,-3,-3,-4.2,-2.5,-2.1,1,1.8,2.1,1.2,-0.3,-0.8,0.4,-1.5,-0.1,0.4,1.6,-1.3,5.3,2.7,1.7,1.4,2.5,2.7,4.5,2.8,1.5,7.3264,49.6927
"160",2410,-0.4,-0.3,-4.6,-5.4,-2.3,-2.7,-4.6,-1.8,-0.9,1.4,0.4,-1.1,-2,-2.3,-1.8,-1.4,-1.1,-1.1,-2.1,0.6,0.2,1.6,0,2.8,0.8,-0.8,0.8,1.6,11.5362,48.7112
"161",2429,-1.3,1,-1.2,-2.3,-0.9,-2.9,2.8,2.8,5.9,5.7,3.3,1.8,0.6,2.2,2.4,1.2,0.1,2.6,2.8,3.4,3.5,3,3.5,4.2,4,5.4,4.5,3,9.5696,53.9897
"162",2437,-3.3,-1.6,-2.4,-4.6,-2.1,-4.7,2.8,1.9,5.6,5.1,3.3,1.7,0.6,0.9,2.7,1.2,-0.4,3.1,2.8,3,2.7,2.8,3.4,4.1,3.7,5.2,3.9,3.2,9.5194,54.455
"163",2444,-0.4,1.4,1,-0.7,-1.2,-1.8,-0.6,1.5,3.9,5,3.4,-0.7,1.6,1.4,-0.2,2.1,0.3,2.3,0.4,4,4.4,1.1,2.1,3.8,2.5,2.2,3.5,3.4,11.583,50.9251
"164",2480,1.2,1.6,0,-1.8,-1.4,-0.7,-2.2,1.8,2.9,4.2,2.9,1.3,1.3,0.8,-0.1,1.2,2.2,2.9,1.1,6.4,5.4,2.4,1.6,4.1,4.2,5.3,4.6,3.1,8.9932,50.0644
"165",2483,-3.8,-3.6,-4.4,-6.7,-7.7,-7.4,-4.2,-3.9,-0.6,-0.4,1.2,1.1,0.3,1.3,0.2,-1.6,-2.2,-1.7,-4.1,-0.8,-0.9,-2.1,-2.2,-1.5,-0.7,-0.1,-1,-2.4,8.4891,51.1803
"166",2485,-1.5,-1.7,-5.8,-6.3,-3.8,-3.9,-6.2,-2.5,-1.7,0.6,0.2,-0.5,-1.7,-0.8,-2,-0.6,-2.7,-1.8,-2.5,-0.3,1.1,0.5,-0.1,1.3,0.7,0.3,0.5,1,9.6872,48.9171
"167",2486,0.8,0.6,-1.6,-2.7,-2.4,-1.9,-2.7,1.3,1.7,2.6,2.2,1.1,1,2.4,-1.4,1,1.3,2.1,0.4,7.2,4.5,2.2,2.7,3.7,3.6,5.8,3.7,2.3,7.736,49.4242
"168",2497,-1.3,-1.2,-2.1,-3.6,-4.8,-4.6,-4.1,0.3,1.1,1.4,1.3,0.8,2.5,3.6,2,-1,-0.2,1.4,-1,2.8,1.6,0,0.9,1.2,1.2,3.2,1.8,0.9,6.5262,50.5016
"169",2542,-2.2,-2.1,-5.9,-6,-5,-4.9,-7.2,-4.9,-3.2,-2.5,-5.6,-5.3,-3.9,-3.8,-4.7,-5.2,-4.8,-3.1,-2.5,-0.1,-0.2,-0.9,-0.8,1.3,0.1,-2.7,-2.7,0,10.6007,47.8652
"170",2559,-1.6,-1.7,-4.5,-4,-4.7,-4.7,-5.9,-5.8,-3.8,-3.1,-4.8,-4,-2.7,-1.6,-4.9,-4.3,-4.3,-2.6,-1.4,1.7,-0.5,-0.3,-0.1,1.5,0.3,-1.9,-2.3,0.8,10.3348,47.7233
"171",2564,-1.2,0.2,-1.1,-1.5,0.2,-1,3,2.7,5.7,5.7,3.3,1.9,0.5,1.1,2.9,1.5,0.5,4,3.7,3.4,3.7,3.5,3.5,4.6,4.1,5.3,3.6,3.4,10.1433,54.3761
"172",2575,-1,-1,-5.3,-5.9,-3,-3.3,-5.2,-1.4,-0.9,0.9,0,-1.6,-1.9,-1.8,-0.7,-0.3,-1.9,-1.4,-2.8,2.2,4.1,1.5,1.2,2.8,2.1,2,1.3,2,9.9799,49.1804
"173",2578,-0.7,0.8,-0.2,-0.1,-0.2,-3.6,2,2.7,4.9,4.8,2.2,1.5,-0.3,1,2.3,0.7,0.6,3.5,3.4,3.3,4.3,3.3,2.8,3.8,3.3,4.5,2.9,3,11.4341,53.9995
"174",2597,0.1,0.4,-0.4,-3.3,-3,-2.4,-2.4,0.9,1.6,3.3,1.3,-0.9,-1,-1.5,-0.1,-0.2,-0.6,1.2,-1.3,3.3,2.1,1.1,-0.2,2.4,2.4,2.1,1.5,2.3,10.0792,50.2241
"175",2600,1.2,1,-0.2,-2,-1,-1.3,-3,1.3,1.5,3.3,1.9,0.3,-0.4,-1,-0.2,-1.4,0,1.1,-0.7,3.7,5.3,2.7,0.9,4.1,2.8,2.9,3.1,3.9,10.1782,49.7361
"176",2601,-3.2,-3.6,-4.3,-6.6,-7.4,-7.3,-4.5,-3.7,-1.3,-0.6,-0.8,-0.4,0.9,1.7,-0.1,-2.8,-2.3,-1.8,-4.6,0.4,-0.5,-1.9,-2.2,-1.1,-0.5,0.1,-0.8,-2,8.4469,50.2218
"177",2618,-3.9,-3.2,-4,-5.7,-6.9,-7.2,-4.6,-4.3,-0.8,0,-1.3,-4.2,-3.3,0.3,-0.9,0.6,-1.5,-1.5,-4.4,-0.3,0.1,-1.1,-2,-0.6,-0.6,0.2,-0.1,-1,10.4803,50.8458
"178",2627,-0.1,0.8,0.1,-1.8,-1.8,-2.9,-1.8,1,2.5,4.2,3.8,-0.4,0.4,-1.6,1.3,0.5,1.9,2.6,1.4,3.6,5.8,1.6,1.9,5,2,0.6,1.6,2,13.8846,51.5554
"179",2629,1.5,0.9,1.2,0.1,-0.9,-0.6,0.9,4,5,5.4,3.3,1.5,3.2,6.4,3.1,1.6,2.4,-0.1,2.5,4.9,3.3,1.3,4.2,4.4,3.4,6.1,4.6,3.4,6.0954,51.7612
"180",2638,-3.4,-3.6,-6.1,-7,-6.8,-6.9,-7.5,-5.4,-4.4,-1.5,-0.9,4.5,4.8,2.3,-0.3,1.7,-0.9,-3.9,-1.2,4.3,0.2,-2,-0.8,-0.8,-0.3,0,-0.7,-1.3,8.7549,48.1054
"181",2641,-0.1,0.9,0.6,-1.9,-1.4,-2.8,-1.4,1.2,3.1,4.7,3.9,1.6,0.2,-0.6,0.9,1.3,0.5,2.6,1.2,3.5,4.9,1.4,2.2,4.1,1.8,1.8,2.4,3.2,12.9062,51.519
"182",2667,0.8,1.5,0.7,-1.6,-2.5,-1.6,-0.7,2.7,4.1,4.8,3.4,2.6,3,5.5,4.2,1.9,2.4,3.4,0.8,6.3,5,3.3,2.9,4,4,6.2,4.5,3.4,7.1575,50.8646
"183",2680,-0.2,0,-1.1,-2.9,-3.4,-2.5,-2.8,0.7,1.4,3.1,1,-1.2,-1.1,-2.1,-1.1,-0.4,-1.5,0.9,-1.5,3.3,2.9,0.8,1.2,3.2,2.1,1.2,1.5,2.3,10.4456,50.2841
"184",2700,-1.6,-1.2,-5,-6.3,-2.6,-2.9,-4.7,-2.6,-1.6,1.1,0,-1.5,-2.3,-2.7,-2,-1.8,-2.1,-1.5,-2.6,-0.7,0.5,1.6,-0.4,2.6,1.2,0.4,1.6,1.5,11.4872,48.8301
"185",2704,0.3,1.2,0.5,-1.3,-1.6,-3.8,-0.9,1.6,4.2,5.1,4.1,-0.2,1.5,0.4,0.8,1.8,0,2.8,1.3,3.8,5,1.9,1.7,3.6,2.9,2,3.3,3.4,12.0079,51.7515
"186",2708,-2.9,-1.7,-5.1,-4.4,-5.8,-5.4,-6.8,-3.7,-2,-1.9,-3.6,-3.3,-0.4,-0.5,-4.3,-2.9,-0.7,-2.9,-1.4,1.6,2,-0.1,0.6,1.3,0.1,-1.3,-0.9,0.1,11.0804,47.6652
"187",2712,0.4,0.3,-1,-2.3,-2.1,-2.1,-3.1,-2.7,-1.3,0.9,-0.7,-1,-1.4,-0.6,-0.9,-0.8,-0.6,-0.4,0.7,1.5,2.1,1.1,1,3.6,2.5,1.4,1.1,3.1,9.1901,47.6774
"188",2750,-1,0.1,-2,-3,-3.1,-2.9,-3.9,-1.8,-0.3,1.8,1.1,-0.7,-1.1,-1.9,-1.3,-0.2,-2,0.9,-1.2,2.4,2,0,-0.5,2.3,1.5,0,0.9,2.5,11.3208,50.2524
"189",2773,-1.9,-0.9,-2.6,-5,-3.1,-3.1,-4.2,-1.2,-0.1,1.8,0,-1.6,-1.9,-2.6,-2.6,-0.7,-1,-0.8,-2.6,0.1,1.3,1.8,-0.6,2.3,0.6,-0.2,1.2,1.6,11.9016,49.4283
"190",2794,0.9,0.3,-0.8,-1.5,-1.5,-5.1,-1.1,1.5,4.4,5.5,4.4,1.1,-0.7,0.1,1.5,0.4,-0.1,2.5,1.9,2.5,4.8,1.8,1,2.5,1.3,2.3,3.3,2.3,12.4093,52.9363
"191",2796,-0.8,0.1,-1.5,-1.5,-2.7,-5.6,1.4,1.9,4.7,4.3,1.4,0.7,-1.1,0,1.8,0,0.4,3.5,3.6,3.2,4.6,2.8,2,3.8,2.2,3.4,3.4,2.7,12.279,53.9156
"192",2812,1.9,1.5,-1.3,-1.9,-0.2,0,-2.7,-1.4,0.8,1.6,0.3,-1.7,-1.3,1.2,0,1,1.3,1.9,1.6,5.8,6,3.3,4.3,4.9,5,5.9,5,4.4,7.828,48.3647
"193",2814,-3.7,-3.6,-12.4,-10.1,-5.1,-5.3,-8.2,-3.2,-2.6,-0.5,-2,-3.5,-5.4,-3.3,-3.8,-3.1,-4.9,-3.1,-3.5,-1.1,0.2,-1,-1.3,0.6,-1.1,-3,-1.4,-0.3,9.7645,48.5121
"194",2829,-2,-2.1,-6.7,-8.1,-4.4,-4.7,-6.4,-4,-2.8,-0.2,-2.3,-3.6,-3.6,-3.6,-3,-2.9,-4.5,-3,-2.7,-2.7,-2.7,-2.7,-0.6,1.9,0.9,-0.8,-1,-1,10.9144,48.0772
"195",2856,-1.9,0.3,-0.2,-1.5,-2,-3.6,-2,1.2,3.2,4.4,3.9,1,0.4,0.6,1.8,0.6,1.1,2.2,0.3,2.4,3.1,-0.1,0.8,2.2,1.3,1.9,2.5,2.7,13.0878,51.9173
"196",2886,-0.9,-1.7,-6.9,-6.1,-3.8,-4,-6.2,-3.7,-2.2,-0.2,-1.5,-3.9,-4,-3.5,-2.9,-2.4,-2.3,-2,-0.6,1.6,0.7,0,0.2,2.4,1.5,0.1,-0.6,1.1,9.9097,48.2176
"197",2905,-1.1,-1.8,-8.7,-7.7,-3.9,-4.5,-6.3,-3.7,-2.4,-0.4,-2.6,-3,-4.1,-4.1,-2.7,-2.7,-3.5,-2.6,-2.8,1,0.9,-0.6,-0.4,2.1,1.2,-0.7,-1.2,0.7,10.8507,48.1849
"198",2907,-1.5,-0.1,-2.1,-3.3,-1.8,-3.6,3.9,3.2,5.7,5.6,3.9,2.1,1.2,1.1,3,1.5,0.5,4.1,3.3,2.7,1.9,2.9,3.3,4.3,3.4,4.7,4.5,3.8,8.9514,54.7903
"199",2925,-1.8,-0.6,-1.2,-3.6,-3.8,-5,-4.6,-0.5,1.9,2.9,1.5,-1.1,0.4,2.6,0.2,1.5,0,1.3,-0.6,3.8,3.4,1.6,0.8,2.4,2.8,2.9,2,1.6,10.3123,51.3933
"200",2928,-0.3,0.8,0.6,-2.5,-1.8,-2.7,-1.6,1.2,3.1,4.7,3.7,0.5,0.7,1.1,1,2,-0.1,2.4,1.1,4,5.3,1.5,2.2,4.5,2.2,2.4,3.2,3.4,12.4462,51.3151
"201",2932,-0.7,0.3,0.1,-2.6,-1.8,-2.9,-1.6,0.9,3.1,4.6,3.6,-0.3,0.9,1,0.7,1.5,0,2.2,1,3.6,4.8,0.6,1.6,3.7,2.8,2.4,3.4,2.8,12.2396,51.4348
"202",2947,-0.6,0.4,-0.5,-3.3,-3.2,-2.5,-2.7,1.2,2.8,3.3,1.6,-0.3,0,3.8,2.2,0,1.4,1.6,0.5,4.1,3.1,2.1,1.8,2.7,3.4,4.8,2.9,1.9,8.0352,51.1334
"203",2951,1.3,0.7,-0.4,-1.5,-1.1,-3.1,-0.2,2,5.4,5.8,4.5,0.9,-0.7,1,1.8,1.1,-0.2,3.4,2.3,3.5,4.9,2.8,1.9,3,2.9,3.2,2.9,2.3,11.4864,53.1007
"204",2961,-0.5,1.1,-0.2,-0.6,0.5,0,3.2,3,5.3,5.7,3.1,1.5,0,0.9,2.6,1.2,0.4,3.6,3.3,3,3.4,3.2,3.2,4.2,4,4.8,3.4,3.5,10.2737,54.4996
"205",2968,1.7,1.9,1.4,-0.4,-1.5,-0.2,0.6,3.9,4.4,5.5,4.1,3.4,3.8,6.4,4.9,2.7,2.9,4.4,2.2,6.7,5.5,4,4.1,5.2,4.7,6.7,5.4,4.4,6.9779,50.9895
"206",2985,-0.1,0,-0.3,-2.9,-3,-3.6,-2.9,-0.8,1.1,2.7,2.1,0.6,1,0.4,2.4,-0.8,0.9,0.5,-0.1,1,4,1,1.7,4,1.8,2.1,2.8,1.4,14.2093,50.9383
"207",3015,-0.2,0.6,-0.5,-1.8,-1.9,-4,-2.1,0.9,3.1,4.4,4.3,1.4,0.1,0.5,2.5,-0.3,1.1,2.8,1.4,2.5,4.8,1.4,1.9,3.7,2.8,2.6,3.3,3.1,14.118,52.2085
"208",3023,0.8,1.4,0.7,-0.7,-1.1,-0.8,0.2,3.8,5.6,5.6,4.3,2.4,3.5,6.2,1.7,2.2,1.3,1.1,2.8,4.6,3.7,1.9,4.4,4.8,4.4,6.2,5.3,4.1,7.3081,52.5181
"209",3028,0.6,0.8,0.6,-2.6,-1.8,-2.1,-2,1.6,3.7,4.4,2.3,0,2.5,5.2,2.4,2.2,0.6,2.8,0.9,4.9,4.2,3.1,2.4,3.8,4.4,5.6,3.7,2.9,8.8388,51.7855
"210",3031,1.3,1.4,1,-1.6,-1.4,-1.9,-1.3,2.4,4.1,4.8,3.1,-0.6,2.3,6.8,3,1.7,1.3,3,1.6,5.4,4.6,3.8,3.9,4.4,5.1,6.8,4.6,3.5,8.3943,51.6334
"211",3032,1.6,2.2,-0.1,-1,-0.6,0.8,4.6,3.8,5.5,5.4,4,2.7,1.8,1.2,3,1.7,2.6,4.8,4.2,3.5,2.5,3.8,3.8,4.5,3.7,4.4,4.4,4.3,8.4125,55.011
"212",3034,-1.9,-1.4,-2.4,-3.9,-3.9,-4.4,-3.4,-1.7,0.4,1.6,-0.1,-2.6,-2.3,-3.7,-0.5,0.5,-0.4,0.2,-2.2,1.2,1.5,-0.5,-0.1,1.6,-0.1,-1.1,0.2,1.2,11.635,50.4505
"213",3042,-0.9,0.3,-1,-3.1,-2.9,-1.2,-0.7,1.2,2.5,3.1,2,0.4,-0.1,1,1.1,0.6,2,2.7,-0.2,4.7,3.7,1.3,0.7,2,2.5,4.2,3.2,1.1,8.2391,50.5624
"214",3044,0.7,1.2,0.5,-0.7,-1,-1,0.4,3.8,5.9,5.8,4.4,2.5,3,4.5,1.9,1.7,0.5,1.2,2.2,4.4,3.9,1.9,4.1,4.5,4.2,6.2,4.9,3.7,7.7463,52.7216
"215",3083,0,0.8,0.2,-1.1,-1.3,-3.1,-1.8,1.6,3.5,4.7,4.6,0.5,0.2,-0.3,1.8,0.6,1.6,3,1.1,3,4.8,1.3,2,3.9,2,1,2.5,3.3,13.8797,51.9267
"216",3086,-1.2,0.4,-0.7,-1.3,-0.5,-4.1,2,2.6,5.9,6.1,2.6,1.4,0,1.1,1.8,0.8,0.5,3.2,3.1,3.6,4.4,3.5,2.9,3.9,3.6,4.9,3.2,2.7,10.6988,53.8025
"217",3093,1.6,1,0,-1.2,-1.1,-2.3,0.4,2.3,5.6,5.9,4.7,1.1,-0.5,0.1,1.4,1.6,0.1,2.8,1.9,4,4.8,3.1,2.2,3.7,3.7,3.7,3.1,2.7,11.1374,52.9724
"218",3098,-0.7,-0.6,-1.1,-2.9,-4,-3.7,-2.2,0.9,2.1,2.7,1.2,0.3,2.4,4.7,3.5,1.2,0.7,0.9,-0.6,3.2,2.3,1.6,1,1.6,2.6,3.8,2.7,1.8,7.6425,51.2452
"219",3126,-0.3,1.1,0.3,-1.1,-1.1,-4,-1.1,1.9,4.4,5.2,4.3,-0.6,2,1.4,1.3,2.2,0.6,2.9,1.4,4,5.2,2.9,1.6,3.4,3.5,3.2,3,3.3,11.5826,52.1029
"220",3137,0.5,1.3,-0.1,-1.1,-2,-1.3,-0.9,2.5,3.4,4.3,2.4,0.8,-0.6,1.1,0.1,1.4,2,2.9,0.3,5.1,5.2,2.8,1.5,3.9,4.1,5.4,4.1,3.4,8.2108,49.9672
"221",3147,-0.9,-0.7,-4.3,-6.4,-2.6,-3.6,-5.1,-1.8,-1.6,1.1,0,-1.1,-1.9,-2.4,-2,-2.6,-3.3,-1.5,-2.7,-0.2,0.8,2,0.4,2.8,1.5,0.7,1.4,2,12.2177,48.7726
"222",3155,-1.2,-1,-1.9,-2.8,-4.1,-2.8,-2,1.1,1.7,1.9,1.1,-1.1,-0.6,3.1,1.1,-0.8,0.1,1.8,-1.8,3.7,2.3,1,0.9,1.7,1.3,3.9,2.5,0.4,6.8015,50.1016
"223",3158,1.1,1.2,-0.3,-1.5,-3.2,-3.4,-0.9,1.1,3.7,4.8,4.3,2.2,-0.2,0.2,1.4,0.1,1.2,2.9,2.1,2.5,5.1,1.2,2.6,3.9,1.6,1.1,2.5,2.2,14.5452,52.5468
"224",3164,0.1,0.7,0.5,-1.3,-1.4,-1.1,-0.6,1.9,3.9,4.7,2.6,0.4,-0.3,0.4,0.3,-0.3,2.5,3.1,0.6,4.9,4.9,2.1,1.3,3.1,2.9,4.7,3.2,1.6,8.7746,50.8492
"225",3166,-1.8,-2.3,-2.7,-5.4,-6.7,-6.4,-5,-3.2,-0.9,0.6,0.1,-1.6,-2.1,-2.8,0,1.6,0.3,-1.2,0.4,2.2,3.3,-0.2,0.3,1.7,-0.1,0.1,1.6,-0.1,13.1469,50.651
"226",3167,-2.1,-1.8,-2.5,-4.4,-5.5,-4.2,-2.1,-1,0.5,1.1,-1,-2.1,-1.9,0.8,1.2,-1.5,-1,0.4,-3,2.2,1.3,0.2,-0.3,1,0.9,1.8,1,0.4,7.9602,50.662
"227",3196,0.1,0.1,-0.9,-1.4,-0.9,-3.8,0.3,1.7,4.9,5.6,3,0.6,-1.5,0.4,1.2,0.3,0,3.1,2.8,3.1,4.9,2.6,1.7,3.7,3.1,4.3,3.4,2.6,11.9319,53.3223
"228",3204,-1.8,-0.1,-0.9,-3.4,-4.8,-4.2,-2.8,-0.6,2.1,2.6,1.1,-1.9,0.4,0.4,-1.9,0,-1.5,0.8,-1.5,3.1,2.9,0.4,1.1,2.8,1.8,2.6,3.3,1.5,10.8818,50.7335
"229",3226,0.5,1,0.5,-1.4,-2,-4.2,-0.7,1.6,4.7,5.2,3.3,-0.5,1.4,0.8,-1.2,1.7,0.3,3.3,2.1,4.7,5.1,1.2,1.9,3.6,2.4,2.4,2.9,2.7,11.5111,51.7259
"230",3231,-1.8,-0.6,-1.5,-3.8,-5.1,-4.6,-3.3,-0.8,1.3,2.1,-0.1,-2.3,-2.5,-3,-1.6,0.7,-1.7,0.5,-2.8,1.8,1.9,0.7,-0.5,1.6,1,1.6,1.1,1.4,10.3771,50.5612
"231",3234,0.7,1.1,0.9,-2.3,-1.7,-2.2,-1.6,0.5,2.5,3.9,2.8,-0.5,-0.7,-0.7,0.1,2.2,1.9,1.6,0.5,3.6,5.2,1.8,1.6,4.7,1.9,1.3,1.4,2.1,13.4327,51.1294
"232",3244,-1.6,-1.8,-6,-7.3,-4.2,-4.3,-6.5,-5,-3.3,-1.5,-3.2,-5.4,-4.6,-3.6,-3.5,-3.6,-3.4,-2.6,-0.5,0.9,0.2,-1,-0.6,1.6,0.5,-1.5,-1.5,0.4,10.1384,47.982
"233",3254,0.3,0.9,0,-1.4,-1.4,-1.5,0.3,3.7,5.8,5.4,4.2,2.4,3.4,5.7,1.7,1.6,0.6,1.3,2.8,4.4,3.4,1.7,4.2,4.8,4.1,6.1,4.7,3.8,7.3176,52.7156
"234",3257,0.9,1,-0.9,-2.7,-1.1,-1.5,-2.9,0.5,0.4,2,1.6,-0.1,-0.2,-0.5,1.6,1.2,0.1,0.8,-1.2,2.3,4.7,2.1,1.2,3.7,3.3,3,2.8,2.9,9.7623,49.4773
"235",3268,-3.5,-3.9,-6.3,-6.5,-6.5,-6.5,-7.3,-4.9,-4,-1.4,-2.8,2.8,3.8,1.7,-0.9,0.3,-1.1,-4,-1.6,2.3,0.3,-1.6,-1.2,-0.3,-0.5,-0.5,-0.5,-1.3,8.9938,48.1875
"236",3271,-0.3,0,-2.3,-7.1,-2.1,-3.9,-6.3,-1.5,-1.5,1,0.6,-0.1,-1,-2.2,-2.1,-4.1,-4,-0.5,-1.3,-1.1,-0.1,0.9,2.3,2.3,1.4,0.7,1.6,2.6,12.9187,48.8548
"237",3278,0.6,0.1,-3.8,-5,-2,-2.1,-4,-1.6,-0.2,1.9,0.2,-0.3,0.8,2.4,-0.7,-0.8,-0.8,0.6,0.8,4.6,3.5,2.4,3,3.4,3.5,2.9,3,3.3,9.2733,48.5376
"238",3284,0.9,1,-0.6,-2.5,-1.8,-1.2,-2.9,0.9,1.5,3.2,2,0.1,-0.1,0.4,-0.1,1.8,0.9,1.5,0.2,4.1,4.6,1.3,1.6,3.8,4.1,4.7,3.8,2.4,9.0085,49.6691
"239",3287,-0.8,-0.9,-2,-3.6,-4.1,-3.6,-4,-0.5,0,1.5,-0.3,-1.7,-2.3,-2.3,-1.8,-0.4,-1,-0.5,-2,3.7,3.4,1.1,0.8,2.4,2.9,3.6,1.9,1.9,9.0997,49.7176
"240",3289,-0.7,-0.3,-0.8,-2.6,-3.3,-3.6,-2.9,-0.7,1.4,2.7,1.5,-0.7,0.1,0.4,-0.7,2,0.4,1.2,-0.3,3.3,4.1,0.6,1.6,3,2.2,1.9,3.1,2.2,11.7838,50.7281
"241",3307,-5.9,-3.8,-7.5,-8.5,-7,-7,-7,-6.3,-4.9,-3.1,-0.9,0.1,0.3,2.7,3.1,2.2,1.1,-2.8,-1,1.3,2.6,-1.1,0.6,-0.5,-1.6,-2,-1.5,-0.7,11.2654,47.4778
"242",3319,0.9,1.2,-0.5,-2.3,-1.8,-1.4,-2.3,0.8,1.7,2.8,1.5,-0.2,-0.6,-0.6,0.4,1.4,0.6,1.3,-0.2,3.5,4.2,1.2,1.1,3.4,3.3,4.2,3.6,2.5,9.2531,49.7645
"243",3340,-0.1,0.6,-0.3,-1.9,-2.9,-1.3,-1.1,1.7,2.9,3.6,1.8,0.5,0.4,1.7,1.8,0.4,1.5,2.5,-0.5,5.2,3.5,1.9,1.8,3.5,3.2,4.4,3.6,1.7,7.8061,50.4383
"244",3348,-1.6,-0.1,-0.2,-2.7,-2.6,-4.1,-3.4,0.8,3.4,4.2,2.4,-0.5,0.8,2.1,-0.2,1.2,1.3,2,0.5,4.2,4.5,1.6,1.2,2.5,1.9,3.6,2.6,1.8,9.8352,51.7209
"245",3362,0.4,0.3,-3.7,-3.8,-1,-1.4,-3.6,-0.5,0.7,2,2.2,0.1,-0.3,1.9,-1.2,-0.5,-0.1,0.7,-1,2.8,4.1,1.6,1.4,3.2,2.4,3.6,3.3,2.7,8.8734,48.9721
"246",3366,-2.3,-0.9,-8.1,-11.1,-4.5,-3.2,-5.2,-2.1,-1.2,0.5,-1.1,-0.9,-1.9,-2.6,-1.3,-1.7,-2.7,-1.3,-2.3,-0.8,0.5,1.3,1.3,3,1.7,1.1,2,1.6,12.5024,48.2791
"247",3376,0.6,0.7,-0.6,-1.5,-3.2,-4.3,-1.3,1.2,3.6,4.8,4.3,1.9,0,-0.1,1.1,-0.1,1.2,3,2.3,2.4,5,1.1,2,3.5,1.9,1.6,3.1,2.7,14.1232,52.5176
"248",3379,0.4,-0.4,-3,-5.1,-2.8,-3.3,-4.1,-2.3,-1.1,1.8,-0.6,-0.6,-1.4,-2.1,-1.1,0,-2.1,-1.3,-0.7,4.1,3.9,1.4,2.6,3.6,2.6,2.2,1.7,2.1,11.5429,48.1631
"249",3402,-2.9,-3.3,-7.5,-7.2,-5.4,-5.5,-7.4,-5,-3.6,-0.9,-2.4,-3,-1.7,-0.6,-4.8,-3.3,-5.2,-3.5,-2.9,0.5,0.3,-1,-1.5,0.5,-0.4,-0.8,-0.5,-0.1,9.4837,48.3851
"250",3426,0,0.9,-0.2,-1.8,-2.3,-3.5,-3.2,0.5,2.4,4.2,4,0.8,0.3,0.2,1.9,0,1.7,1.9,1.6,2.2,5.6,2.5,2.5,4.5,1.4,1.1,0.8,1.5,14.6989,51.5662
"251",3442,1.1,1.8,0.5,-0.9,-1.4,-1.2,-0.6,3.1,4.1,5.3,2.7,1.1,0.7,0.8,1.1,1.2,2.4,3.3,0.9,5.4,4.7,2.6,1.4,3.5,3.4,4.7,4.2,3.2,8.7506,50.3574
"252",3485,-1.2,-1.4,-9.3,-8,-3.2,-3.4,-6,-4,-2,0,-1.2,-2.5,-3.2,-2.9,-1.9,-1.6,-2.1,-1.5,-0.8,0.8,0.7,0,-0.1,2.7,1.5,-0.1,-1.1,1.3,10.3771,48.3116
"253",3490,1.3,2.2,1.2,-0.5,-1.3,-0.7,-0.8,3.3,4.5,4.9,3,1,1.2,4.1,2,1.2,2.9,3.7,0.3,7,4.7,3.9,4.3,5.2,3.8,5.8,4.7,3.2,7.0853,50.5346
"254",3509,-0.2,0,-1.2,-1.8,-1.4,-4.7,-0.7,1.1,4,5,2.9,1.3,-0.9,-0.2,1.3,-0.2,0.1,2,2.5,2,5.2,1.1,1.3,2.3,1.1,1.9,2.5,2.4,13.0421,53.102
"255",3513,-3.7,-3.6,-4.5,-6.2,-6.9,-7.2,-5.3,-4.7,-1.5,-0.3,0.3,-2.7,-2.2,1.1,-0.3,0.4,0.2,-1.3,-4.8,-1.4,-0.1,-1.5,-2,-0.8,-1.1,-0.7,0.1,-1.1,11.1344,50.5002
"256",3527,-1.9,-1.5,-2.8,-4.2,-4.4,-5.2,-3.2,-1.5,0.5,1.5,-0.5,-2.5,-1.2,1.5,-0.5,-0.7,-0.8,0.8,-2.4,2.9,2.3,0.6,-0.1,1.2,1.6,2.7,1.2,0.4,9.4053,50.8924
"257",3540,0.1,0.6,0,-2.1,-3,-1.6,-0.7,2,3.1,4.1,2.4,1.3,2.1,5.2,3.9,1.2,1.6,2.8,-0.2,5.2,4.2,2.5,1.7,2.9,3.2,5.3,3.7,2.5,7.3714,50.8446
"258",3545,0.9,0.4,-2.5,-2.9,-2.6,-1.5,-2.4,0.6,1.5,2.8,2.2,0,1.2,3.7,-0.3,1.1,1.3,2.8,0.3,6.3,3.6,1.7,2.2,3.3,3.5,5.7,4.1,1.2,7.2295,49.3436
"259",3552,0.8,0.2,-0.9,-1.7,-1.1,-4.2,-1.2,1.2,4,5.3,4,1.4,-0.5,0.7,1.5,0.3,0.1,2.3,2.2,2.4,5,1.8,1.4,2.5,1.6,1.9,3.4,2.7,12.8072,52.9037
"260",3571,-1.9,-0.9,-3.7,-6.7,-3.8,-3.5,-5.6,-2,-0.8,1.4,0.1,-2.1,-2.5,-2.3,-0.2,0.5,-0.9,-0.1,-2.7,0.3,1.5,0.7,-0.8,1.9,0,-0.7,0.3,1.2,11.8638,49.8174
"261",3591,0,-0.1,-0.7,-1.5,-3.3,-2.7,-2,1.4,2.2,3,2.3,2.4,4.9,5.4,2.7,1.3,1.1,2,0.8,4.3,2.5,1.4,2.3,2.7,2.4,4.6,3,2.5,6.4237,50.6744
"262",3603,-1,-0.9,-3.3,-3.7,-3.3,-3.7,-4.6,-1,-1.2,0.7,-0.3,-2,-2.3,-2.3,-0.7,-1,-2.1,-1.5,-3.3,2.3,3.6,1.4,0.8,2.5,2.2,3,1.6,2,9.9666,49.3895
"263",3612,0.8,0.9,0.6,-1.6,-1.3,-1.7,-0.2,2.8,5.5,5.8,3.4,-0.9,2.3,4,1.9,1.9,1.2,2.4,2,4.7,4.4,2.8,3.5,4.4,4.9,6.2,4.4,2.9,9.2229,52.6711
"264",3621,-0.8,-0.7,-6.4,-7.2,-3.2,-3.9,-6,-1.4,-0.3,1.4,0.1,-1.7,-2,-2.7,-1.5,-0.7,-2,-1.5,-1.7,2.4,2.9,2,0.6,2.3,2,0.8,0,2.1,10.5066,48.8254
"265",3623,0.6,1.2,0.7,-0.6,-2,-1.3,-0.5,3.1,3.8,4.5,3.3,2,3.1,4.8,3.6,1.5,2.2,3.7,1.5,6.3,4.1,3,4.4,4.5,4.1,5.9,4.6,4.1,6.6602,50.8294
"266",3631,2.1,3.7,3,2,1,1.3,4.4,4.7,5.4,5.4,4.2,2.3,3.2,4.6,2.4,2.7,3.2,3.9,3.1,3.7,3.2,3.5,4.2,4.7,3.7,5.3,4.9,4.5,7.1519,53.7123
"267",3639,0.4,1.6,-0.9,-2.5,-1.1,-3.3,2.7,3.4,5.3,5.4,3.7,1.8,1.5,1.9,1.6,1.4,0.8,2,2.4,3.4,3.2,2.5,3.5,4.3,3.5,5.6,4.5,3.3,8.6583,53.7647
"268",3660,-1.4,-1.3,-2.1,-3.3,-4.6,-3.5,-3.2,0.3,1.1,1.6,0.7,0,1.4,3.5,2.2,-0.9,0,1.3,-1.7,3.3,1.9,0.6,1,1.5,1.3,3.6,1.8,0.8,6.8697,50.3601
"269",3667,-1.3,-0.5,-2.5,-4.7,-2.6,-2.4,-4.7,-0.6,-0.3,1.3,0.3,-1.5,-1.4,-1.8,-1.9,-1.1,-2.4,-0.6,-2.1,0.2,1.9,1,-0.9,1.6,0.4,-0.4,2.1,1.4,11.2538,49.4258
"270",3668,-0.1,0,-1.4,-3,-2,-2,-3.4,-0.2,0.6,2.4,1,-0.6,-0.7,-1.1,-0.2,-0.7,-1.4,0.1,-1.4,1.9,3.2,2.1,0.1,3,1.8,1.3,2.5,2.6,11.0549,49.5031
"271",3679,-4.2,-1.7,-4.2,-3.4,-4.1,-3.5,-4.8,-4.1,-2.8,-1.6,-2.8,-1.5,-3.1,-2.8,-2.7,-1.9,-1.5,-1.1,-0.9,-0.6,2.3,0.9,2.5,1.7,1.3,1.6,1.5,1.5,12.1666,47.6185
"272",3730,-2.9,-2.7,-8.3,-8.5,-6.1,-5.6,-6.3,-5.8,-5,-6.5,-5.1,-5,-4.6,-2.1,-2.5,-3.6,-2.2,-2.6,-3.3,-2.7,-0.8,-0.6,-1.9,1,-0.3,-4.6,-3.1,0.4,10.276,47.3986
"273",3734,0.8,0.4,-1.5,-2.5,-0.9,-1.3,-3.2,-0.1,0.4,2.2,1.8,0.4,-0.3,0.6,-0.3,0.7,-0.4,0.4,-0.6,3.8,5.8,2.8,3.2,4.5,3.5,3.8,3.8,3.8,9.3525,49.1279
"274",3739,-2.4,-2.3,-3.8,-4.8,-4.7,-4.7,-5.2,-3.1,-2.2,0.1,-1.1,-3.2,-3.6,-4,-1.4,0.6,-0.7,-2.3,-3.9,0,1.6,1.3,0,1.2,0.2,0.7,1.5,0.5,12.4366,49.452
"275",3761,0.5,0.4,-1.2,-2.3,-1.1,-1.6,-3,-0.1,0,1.9,1.7,0.3,0,0.5,0.2,1.2,-0.3,0.3,-0.8,3.9,6,2.5,2.5,4.5,3.6,3.9,3.5,3.6,9.5175,49.207
"276",3811,0.3,1,0.5,-2.6,-2,-2.7,-1.9,1,2.9,4.4,3.5,1.2,1.2,0,1.2,1.4,0.5,2.3,1.6,4.1,5.6,1.8,2.3,4.4,2.8,2.4,3.3,3,13.0928,51.296
"277",3821,-0.9,0.3,-0.3,-2.9,-2.7,-3.3,-2.4,-0.1,2.2,3.8,2.6,-1.5,1.1,1.4,-0.2,2.4,0.3,1.7,0.4,3.5,4.5,1.6,1.8,3.6,3,3.4,3.5,2.9,11.9292,51.0873
"278",3836,-1.5,-0.7,-1.7,-4,-4.3,-3.1,-3.6,0.2,2.3,3.1,1.1,-1.3,-1.3,-2,-1.1,-0.3,-1.2,1.3,-1.4,2.1,1.7,0.5,0,1.7,0.3,0.4,0.9,1.5,10.221,50.4538
"279",3857,-2.9,-3.1,-6.8,-5.6,-6.5,-6.3,-7.1,-6.1,-4.2,-3.5,-3.2,-2.1,-1.6,-1,-3.3,-1.9,-1.4,-3.6,-1.8,0.3,-0.2,-1.2,-1.3,0.5,-0.7,-3.2,-2.7,-0.3,10.3891,47.636
"280",3875,-2,-1.6,-4,-5.7,-4,-4.3,-5,-2.3,-1.7,0.4,-0.9,-2.1,-2.8,-3.4,-2.3,-1,-2.2,-2.1,-3.6,-0.3,1.8,1.1,-0.4,1.9,0.9,0.5,1.4,0.7,11.6897,49.1509
"281",3897,-1.1,0.9,-0.4,-0.8,0.1,-2.9,3,3,6.2,6,2.7,1.8,0.3,1.5,2.6,1.4,0.9,3.4,3.5,3.2,3.8,3.6,3.1,4,3.5,4.2,3,3,10.8773,54.0893
"282",3904,1,1.1,-2.6,-1.6,-2.1,-0.5,-0.7,1.3,2,2.9,2.7,0,2.7,6.7,1.9,0.9,1.7,2.2,0.8,6.9,4.5,2.7,3.9,4.3,3.8,6.3,4.6,1.9,6.3804,49.5356
"283",3925,0.4,-0.3,-4.1,-4.2,-2,-2.4,-4.5,-0.3,0.3,1.6,1.5,0,0.1,1.8,-1.4,-1.1,-0.7,0.2,-0.8,3.6,4.2,2.2,2.6,3.7,3.4,4.5,3,3.1,8.6959,48.9318
"284",3927,-1.7,-2,-5.9,-5.4,-4.5,-4.5,-6.9,-6.2,-3.7,-1.2,-2.3,-4.9,-5.6,-3.1,-3.3,-3.4,-2.7,-2.5,-1.4,-0.5,1.5,-1.2,-0.7,1.3,0.2,-2.3,-0.7,0.2,9.2869,47.9344
"285",3939,0,-1.1,-3.3,-3.4,-3.4,-2.5,-2.8,-0.3,-0.1,1.7,1,0.4,0.7,2.4,-0.4,-0.1,-0.3,1,-0.3,6.4,3.8,1.8,1.9,2.8,3.2,5.1,3,2.3,7.5875,49.1911
"286",3946,-0.8,-0.4,-1.3,-3.1,-4,-3.6,-2.6,-0.8,0.8,2.5,1.3,-0.8,-1.3,-1.3,0.3,1,1.3,0.5,-1.2,3.2,4,0.5,1,2.9,0.8,0.4,2.3,2,12.13,50.4819
"287",3975,-2,-1.5,-3.2,-5.2,-4.3,-3.9,-4.5,-1.8,-1.4,0.4,-0.9,-2.3,-2.8,-3.3,-1.6,0.3,-2.2,-1.9,-3.6,-0.4,2.5,0.9,-0.2,1.7,0.7,0.1,1.6,0.9,11.5355,49.4778
"288",3987,0.2,0.4,-0.3,-1.4,-1.5,-3.9,-1.6,1.2,3.6,4.6,4.5,0.8,0.8,0.2,1.9,0.4,0.5,2.7,1.8,3,5.3,1.7,1.6,2.9,3.2,3.1,3.6,3.4,13.0622,52.3813
"289",4024,0.4,-0.6,-1.9,-1.5,-2.2,-2.4,2.3,1.8,4.3,3.8,2.4,0.5,-0.6,0.5,1.5,0,1.5,3.5,4,2.4,4.3,2.8,1.6,3.5,2.1,3,3.2,2.8,13.477,54.3643
"290",4032,0.9,1.3,0.3,-1.5,-2.2,-4.1,-0.9,1.5,4.8,5,3.9,-1.6,0,1.1,-1.6,1.6,0.6,3.5,2.4,5.5,5,2.2,2.9,4.3,4,3.9,4.4,3.4,11.1319,51.7954
"291",4036,-1,0.3,0.1,-2.5,-2.6,-3.9,-2.4,0.6,3,4.4,2.4,-1.2,0.5,0,-0.6,1.2,-0.5,1.8,0.4,3.5,3.9,0.8,1.1,3.5,2.3,1.4,2.2,2.1,11.5414,51.3895
"292",4039,-0.7,1.1,-0.7,-2.1,-1,-3.9,2.1,2.8,5.6,5.9,3.1,1.5,0.6,2.3,2.1,1.4,0.3,2.6,2.8,3.7,4.1,3.5,3.5,4,4.3,5.4,4.1,3.1,9.8776,53.7331
"293",4063,0.3,0.9,0.4,-2,-1.5,-2.2,-1,2.9,5.3,5.4,3.6,-0.2,2.2,4.5,0.8,1.4,0.9,2,2.2,4.9,4.1,2.6,3.7,4.3,4.8,6.6,4.7,2.9,8.5906,52.4461
"294",4094,-0.2,-0.1,-3.8,-4.5,-2.6,-2.5,-4.3,-4.8,-3.2,-0.7,-2,-3.4,-3.1,-2.1,-1.8,-1.4,-0.7,-0.6,0.1,0.6,0.5,0.5,0.9,2.8,1.7,0.3,-0.6,1.7,9.6206,47.8062
"295",4104,-0.8,-0.6,-3.7,-5.4,-2.2,-2.7,-4.1,-0.7,-0.4,1.9,0.4,-0.7,-1.4,-2,-1.8,-1.2,-1.4,-0.7,-2.1,-0.1,0.4,2.4,0.4,3.5,2,0.2,1.5,2.6,12.1021,49.0424
"296",4154,-0.6,-0.5,-1.2,-2.4,-3.7,-3.3,-1.4,1.2,2.1,3,1.3,-0.1,1.6,4.8,4.2,0.4,0.8,1.6,-0.9,3.2,2.5,1.4,0.9,1.8,2.3,3.9,2.9,2,7.2506,51.1798
"297",4160,-1.2,-2.2,-6.6,-5.5,-3.2,-3.6,-5.8,-1.6,-0.6,1,0.5,-0.4,1.4,2.6,-1.7,-2,-1.9,-0.8,-1.3,3.1,3,1.1,1.5,2,2,2.5,1.7,2.2,8.924,48.7425
"298",4169,1.3,1,-1.3,-0.9,0,0,-1.7,-0.6,0.3,1.7,0.6,-1.1,-1.2,1.2,0.1,0.6,1.1,2,0.1,4.4,5.8,2.5,3.7,4.7,4.7,5.7,4.8,3.6,7.9939,48.6703
"299",4174,1,1.5,1.1,-1.2,-1.2,-1.1,-0.1,3.7,5.6,5.3,3.4,0.8,2.7,5.6,1,1.3,1.1,0.5,2.3,4.8,3.3,1.9,4,4.4,4.4,6.3,5.1,3.8,7.3866,52.2887
"300",4177,1.6,1.5,-1.5,-1.8,0.1,0,-2,0.2,1.1,3.1,3.2,-1.3,-0.1,1.9,-0.2,0.3,1.1,1.3,-1.1,3.1,5.9,2.2,2.6,5.1,4.3,4.7,4.1,3.5,8.3302,48.9726
"301",4189,-1.1,-2.5,-8.6,-6.2,-3.4,-3.5,-6.3,-4.4,-2.5,-0.8,-1,-3.5,-4.5,-3.4,-2.8,-2.5,-2.7,-1.7,-0.9,-0.9,-0.3,-0.2,0,1.9,0.7,-0.9,-0.4,1.2,9.4596,48.1479
"302",4261,-0.9,-0.6,-4.6,-4.2,-3.3,-3.4,-4.6,-2.6,-0.5,0.4,-2.7,-0.4,-1.4,-2.2,-1.8,-0.5,-2.2,-1.1,-0.5,0.6,2,1.6,2.2,3.3,2.3,1.2,1.5,2.6,12.1279,47.8752
"303",4271,0.4,1.2,-0.5,-0.3,-0.2,-3,2.6,2.6,3.9,3.8,2.4,1.3,-0.4,1.2,2.6,0.5,0.7,4,4.3,3.6,4.8,3.4,2.7,4.3,3.7,4.9,3.6,3.5,12.0805,54.1802
"304",4275,0.9,1,-0.5,-2,-0.8,-1.4,0.7,2.9,5.7,5.8,3.9,0.9,2.2,4.3,1.7,2.1,0.4,2.1,2.1,4.2,4.1,3,3.2,3.8,4.3,5.6,4.4,2.6,9.3395,53.1288
"305",4280,-1.1,-0.7,-3.1,-5.5,-2.8,-2.7,-5.1,-1,-0.4,1.4,0.2,-1.3,-1.7,-2.2,-1.2,-1.9,-2.1,-1.1,-2.2,0.8,2.3,1.5,-0.5,2.6,1.1,0.1,1.7,1.8,11.1036,49.2164
"306",4287,-0.5,-0.6,-3,-4.5,-2.8,-3.3,-4.5,-0.7,-0.5,1.4,0.3,-1.5,-1.6,-1.8,0,-1,-1.8,-0.9,-2.8,2.3,4,1.8,0.9,2.8,2.3,2.3,1.6,2.2,10.1732,49.3847
"307",4300,-1.2,-1.9,-6.7,-7.6,-4.4,-4.1,-6.7,-5.2,-3,-0.7,-2.9,-2.7,-1.2,0.2,-2,-1.8,-2.9,-0.9,-0.8,1.4,1.3,0.3,0.4,1.2,0.6,0.6,1.2,1.1,8.6351,48.1813
"308",4301,1.7,2.1,0.3,-0.6,-1.2,-0.3,-0.5,3.2,4.3,4.7,3.7,2,0.3,1.5,-0.8,1.4,2.9,3.5,1.2,6.7,5.8,3.8,3.1,4.6,4.1,6.1,4.9,3.3,7.871,49.8502
"309",4323,-0.8,-1.3,-2.7,-3.5,-4.3,-3.9,-3.8,-0.1,0.7,1.6,0.3,-0.8,-0.5,1.7,-2,-0.7,-0.4,0.7,-1.6,5.3,2.6,1.3,1,2.1,2.2,4.2,2.1,1.8,7.8835,49.6467
"310",4336,0.1,-0.8,-3.5,-3.3,-3.1,-2.6,-3,0.2,0.6,1.8,1.3,-0.5,1,4.6,-0.7,0,0,1.8,-0.4,5.6,3.7,2,1.9,3,3.4,5,3.4,2,7.1077,49.2128
"311",4349,0.4,0.1,-2.4,-3.1,-1,-1.4,-3.4,0.4,0.8,2.6,2.1,0.2,0.3,1.7,-0.6,0.2,-0.1,0.7,-0.1,3.4,4.4,2.6,2.5,3.6,3.6,3.9,3.1,3.8,9.071,48.9569
"312",4354,-1.7,-1.1,-3.3,-5.4,-2.2,-3,-6,-3.1,-2.4,0.4,-0.2,-1.7,-2.9,-3.7,-1.4,0.9,-0.5,-1.5,-2.6,-1.3,0.5,0.5,1.9,1.7,0.6,0.8,1.9,1.7,13.3145,48.7832
"313",4371,0.7,0.7,0.6,-1.6,-1.7,-2.3,-1.3,2.3,4.2,4.7,3,-0.2,1.7,4.4,0.5,2.2,1.2,2.6,1.6,4.4,3.9,2.8,2.4,3.7,4.4,5.8,4,2.8,8.7521,52.1042
"314",4377,-1.4,-1.2,-1.9,-3.4,-4.4,-4.4,-1.6,-0.8,1,2,-0.6,-2.6,-2.9,-2.9,-0.2,1.3,-0.9,0,-3.2,1.3,1.8,1.1,-1.1,1.6,2.1,2,1.5,1.3,10.0032,50.3519
"315",4393,0.8,2.3,-0.1,-1,-0.8,-1.7,3.7,3.3,4.8,4.7,3.8,2.3,1.4,0.9,2.3,1.4,1.7,3.7,3.4,3.4,2.4,3.5,3.7,4.4,3.6,5,4.4,4.3,8.603,54.3279
"316",4411,1.4,1.5,0.6,-1.5,-1.7,-0.9,-2.4,2.1,2.7,4.1,2.5,1,0.7,0.7,-0.2,2,1.9,2.4,1,7.3,6.2,2.3,3.1,5.1,4.6,5.7,4.5,3.5,8.9671,49.9195
"317",4445,-2.5,-2.6,-2.8,-5.2,-5.5,-5.9,-4.1,-2.6,1.2,1.2,-0.1,-0.9,-0.6,-0.6,-2,-0.2,-1,-0.3,-1,0.7,1.7,-0.6,-0.7,0.5,0.1,-0.8,0.2,-1,10.6533,51.7658
"318",4464,-1.6,-1.3,-2,-3.7,-4.5,-4.8,-3.9,-2,0.3,1.5,0.2,-2.5,-2.1,-2,-0.9,1.6,0.7,0.1,-2.2,1.9,2.9,0.4,0.4,2.1,1.2,1.4,2.1,1.1,11.8041,50.5679
"319",4466,-3.3,-0.7,-1.7,-3.5,-1.3,-1.9,3,2.4,5.4,5.4,3.3,1.7,0.5,0.7,2.6,1.2,0.1,3.5,2.9,2.7,2.5,2.8,3.2,4,3.5,4.9,3.9,3.2,9.5486,54.5275
"320",4480,0.5,0.6,-0.8,-2.4,-3,-1.9,-2.7,0.5,1.4,3.3,1.6,-0.2,-0.3,-0.5,-0.8,-0.9,0.8,2,-0.4,4.8,3.9,1.5,0.9,3.3,3.4,4.1,3.4,2.1,9.5539,50.3444
"321",4485,-1.6,0.4,0.1,-2.3,-4.8,-2.9,-2.5,-0.1,1.1,2.6,1.6,-1,-0.9,-1.3,-1,0.3,-1.4,1.8,-1,3,3.3,0.8,1.1,2.9,2.3,2,2.9,2.1,10.454,50.7252
"322",4501,-3.5,-3.3,-3.9,-5.5,-7.4,-7.7,-4.8,-5,-1.7,-0.5,1.5,0.3,-0.7,3.1,0,1.2,-0.7,-1.5,-5.1,-1.5,-0.6,-1.8,-2.6,-1.2,-1.4,-0.7,-0.1,-2,10.7693,50.6546
"323",4508,-2.3,-2.7,-3.8,-4.2,-6,-5.3,-3.7,-0.8,-0.2,0.2,-0.1,-1.5,-0.1,2,1.8,-2.4,-1.3,-0.1,-2.7,1,0.1,-1.8,-0.5,-0.1,-0.2,1.6,0.2,-0.7,6.4165,50.2988
"324",4548,-2.4,-2.1,-3.7,-5.3,-6.6,-5.1,-5.5,-3.1,-1.2,0.6,-1.1,-3.1,-3.5,-3.3,-0.8,0.9,-1.2,-0.7,-3.3,0,1.7,-0.4,-1.3,1.2,-1,-1.8,0.1,0.2,12.1435,50.2046
"325",4559,-0.9,-0.4,-4.2,-6.8,-2.3,-2.7,-4.2,-1.1,-0.6,1.4,0.1,-1.5,-1.5,-2.2,-0.3,-1.2,-2,-0.7,-2.2,-0.4,-0.3,1,1.9,2.8,1.1,-0.4,0.2,1.3,12.6176,49.1646
"326",4560,0.2,0.1,-1.3,-3.5,-3.6,-2.8,-3.4,-0.2,1.1,2.7,1.1,-0.5,-0.3,-0.1,-0.4,-0.1,0.5,2.1,-0.5,5,3.6,1.7,1.2,2.4,2.3,4.1,3.1,0.8,9.1228,50.4927
"327",4592,-1.4,-0.2,-2.5,-4.1,-2.3,-2.2,-3.5,-0.6,0.2,2.2,0.7,-0.9,-1,-1.9,-2.3,-0.3,0,-0.2,-2,-0.2,0,2.1,-0.2,2.8,0.7,-0.1,1.1,2.1,12.0871,49.3278
"328",4605,-0.8,0.4,0.2,-1.9,-2.5,-2.6,-1.6,0.1,2.2,3.1,1.7,-0.7,0.3,-0.8,-0.9,-0.1,-1.1,1.6,-0.6,4.2,2.6,-0.1,1.4,2.6,0.5,0.2,1.9,2.1,11.1933,50.6444
"329",4625,-0.8,0,-1,-1.4,-0.7,-3.7,1,2.2,5.4,5.6,2.3,0.9,-0.8,0.9,1.8,0.6,-0.2,2.8,2.4,3.2,4.3,2.7,2,3.2,3.3,4.6,2.8,2.5,11.3872,53.6425
"330",4642,1.7,1,-0.1,-1.2,-1.5,-4,-0.3,1.9,5.2,5.8,4.9,0.8,-0.9,0.1,1.2,1.1,0,3.6,2.4,3.4,5.4,3,1.6,3.5,3.2,3.2,3.1,2.8,11.7297,52.8911
"331",4651,0.3,0.7,0.2,-1.9,-2.4,-3.6,-2.6,0.8,3.4,4.3,2.8,-0.1,2.1,2.7,-0.5,0,0.8,2.9,1.1,4.5,5.1,2.9,1.9,3.8,4.3,5.2,3.3,3,10.1888,51.9044
"332",4692,-0.2,0.7,-0.1,-2.2,-2.5,-1.4,-1.6,1.8,2.8,3.8,2.1,0.6,0.2,1.9,1.7,0.6,1.9,2.2,0.4,5.3,4.4,2.7,1.9,2.9,3.5,5.1,3.7,2.5,7.9966,50.8534
"333",4703,-1.4,-2.1,-7.1,-5.3,-3.5,-3.7,-6,-5.4,-3,-0.9,-1.6,-3,-3.8,-2.5,-3.2,-3.2,-2.8,-1.9,-1.7,-2.1,-0.7,-0.3,-0.4,1.2,0.5,-1.3,-0.3,0.4,9.1942,48.0719
"334",4704,-0.3,-0.1,-4.1,-3,-3.1,-2.6,-4,-4.9,-3.8,-2.3,-3.9,-3.4,-4.6,-3.3,-3.7,-1.9,-0.7,-0.6,-0.3,1.3,0.4,0.3,0.2,2.6,1.1,-0.9,0.8,1.8,9.7404,47.5776
"335",4706,-1.1,-0.2,-4.1,-7.1,-3.4,-2.4,-3.5,-1.7,-0.7,1.6,-0.5,-0.2,-1.5,-1.6,0.2,-0.6,-1.2,-0.7,-1.5,-1,1.8,1.7,3.4,3.8,2.6,1.4,2.2,2.3,13.0273,48.2719
"336",4709,-0.9,-0.8,-2.7,-3.1,-4.6,-3.5,-3.6,0.2,1.1,1.8,0.5,-0.4,-1,0.5,-0.1,-0.6,0,1.4,-1.9,4.7,2.6,1.5,1.2,2.2,2.5,3.9,2.4,1.5,7.5981,49.9996
"337",4745,0.6,0.6,-0.6,-2.5,-1.7,-1.8,0.1,2.2,5.1,5.2,3.6,0.3,1.3,3.5,1.3,1.8,0.1,2.3,1.6,3.5,4.1,2.5,2.2,3.4,3.8,4.7,3.7,2.5,9.7931,52.9604
"338",4763,-1.2,0.2,-0.9,-2.1,-2.5,-3.2,-2.6,0.8,2.5,3.6,1.8,-0.6,-0.1,0.6,-1.1,-0.8,0.5,2.3,-0.3,5.1,4.2,1.3,1.5,3,2.5,2.9,2.3,1.8,9.9266,51.0607
"339",4841,0.5,1.6,-1.5,-3.9,-0.8,-4.6,2.3,3.2,5.9,5.9,4.1,2.2,1.7,2.2,1.8,1.6,0.7,2.1,2.6,3.7,3.6,2.6,3.6,4.3,3.9,5.6,4.4,3.2,8.8735,53.6946
"340",4857,0.5,1.1,-0.6,-1.9,-0.4,-2.4,1.7,3,5.8,5.5,3.1,1.5,0.8,1.9,2,1.7,0.5,2.4,2.7,3.9,4.1,3.4,3.4,4,4.3,5.6,4.5,3.2,9.6082,53.5512
"341",4887,-3,-3.4,-5.6,-6.4,-5.7,-6.2,-7.3,-4.5,-3.7,-1.1,-2.4,-4.2,-3.8,-2.9,-4,-3,-4.2,-3.6,-2.9,2.3,1.5,-0.7,-0.7,0.1,0.7,1.5,-0.5,-0.2,9.8646,48.6657
"342",4896,-4.1,-1.7,-1.6,-2.7,-1.5,-4.1,3,2.6,5.6,5.4,3.5,1.7,0.5,0.9,2.6,1.2,-0.1,4,2.9,2.7,2.4,2.6,3.2,4.1,3.5,4.8,3.9,3,9.8035,54.665
"343",4911,-0.2,-0.2,-4.6,-6.6,-2.8,-3.7,-4.7,-1.3,-0.9,1.8,0.4,-0.5,-1.2,-2.2,-2.1,-2.8,-2.7,-0.9,-1.8,-0.2,0.8,2.2,1.3,3.5,2,0.5,2.3,2.4,12.5598,48.8275
"344",4928,0.9,0.3,-2,-3.2,-1.6,-2.1,-3.4,0.3,1.2,2.5,2.1,0.5,1.3,2.6,-0.6,0.1,-0.6,0.4,0,4.6,5.1,3.1,3,4.2,4.2,4,3,3.7,9.2,48.8282
"345",4931,0.2,-0.5,-4.3,-4.7,-2.2,-2.7,-4.3,-0.7,0.2,1.7,1.2,0,0.5,1.6,-0.8,-0.2,-0.8,0,0.1,3.1,3.8,2.3,2.3,3.3,3.1,2.4,1.9,3,9.2235,48.6883
"346",4978,-1.4,-0.1,-1.4,-3.3,-5.3,-4,-4.7,-0.4,1.5,2.6,0.7,-2.4,-1.7,-0.1,-1.4,-0.2,-1.1,1,-1.9,4.1,3.4,0.5,1.5,2.9,2.4,2.8,2.2,1.9,10.0228,50.639
"347",4997,-0.2,0.6,-0.4,-3.4,-2.6,-2.6,-1.7,0.5,2.5,4.1,2.3,0,0.5,0.7,-0.3,1.3,0,2,0.9,3.7,4.5,1.1,1.7,3.8,2.3,1.5,2.4,3,12.3432,50.9777
"348",5009,-0.5,0.1,-1.4,-1.4,-1.9,-4.9,1.3,1.7,4.7,4.8,1.7,0.9,-1,-0.5,1.5,-0.1,0.5,3.3,3.6,3.1,4.8,2.4,1.6,3.2,2.5,2.9,3.5,2.5,12.5574,53.761
"349",5014,1,1.1,-0.4,-2.6,-0.9,-2.4,1.2,3.3,6,6,4.3,1.8,2.1,3.4,1.9,1.9,0.5,2.2,2.2,4,3.8,3.1,3.5,4.1,4.2,5.9,4.6,2.9,8.9857,53.2758
"350",5017,-2.7,-2.5,-3.5,-5.5,-5.5,-5.9,-4.3,-2.9,-1.3,0.5,-1.1,-3.1,-3.8,-3.9,-2.7,0.4,-1,-0.7,-3.9,-0.3,1.1,-0.8,-1.2,0.7,-0.1,-0.1,0.8,0.5,11.3889,50.4002
"351",5029,-0.5,-1.1,-2.8,-3,-4,-2.8,-2.5,1.1,0.2,2,1,-0.4,0.4,2.9,-0.8,-0.2,-0.2,1.5,-1.2,5.1,2.8,1.7,1.1,2.2,2.8,4.4,3.1,1.9,7.0386,49.4738
"352",5046,-1.4,-1.6,-3.9,-7.2,-5.3,-4.7,-7.5,-2.1,-1,1.4,-0.2,-2.3,-3,-3.8,-0.9,0.6,-1.9,-0.4,-3.1,-0.6,-0.6,0.3,-0.6,1.9,-0.3,-1.3,-0.2,1.1,12.3541,49.8578
"353",5064,1.5,1.3,1.1,0.1,-1,-0.3,0.7,3.4,4.6,5.2,3.7,2.9,3.6,5.8,3.8,2.3,2.6,1.8,2.3,5.6,4,2.9,4.5,4.6,4.3,6.3,5.2,4.1,6.4443,51.2898
"354",5097,0.1,0,-1.5,-1.4,-4.2,-6.2,1.9,2.2,4.7,3.9,1.5,1.1,-0.7,0.3,2.1,0.1,0.4,3.7,4,3.2,5,3,2,3.7,2.2,3.4,3.5,3,12.7675,54.0661
"355",5099,1.2,1.5,-0.4,-0.7,-1.6,-0.1,-0.1,2.4,3.2,3.9,3.6,0.1,1.2,6.3,2.7,1.3,1.9,3,0.7,7.1,4.8,3.5,3.4,4.5,4.2,6.6,5.2,2.5,6.6131,49.7326
"356",5100,0.2,0.5,-1.2,-1.1,-2.5,-1.4,-1.1,2,2.2,2.9,3.2,-0.9,1.5,6.1,2.3,0.5,0.7,2.4,-0.4,6.1,3.6,2.6,2.5,3.4,3.5,5.6,4.1,2.4,6.6582,49.7479
"357",5109,-1,0,-1.8,-1.4,-3.3,-5.5,0.6,0.9,3.6,4.4,1.5,1.1,-0.7,-0.5,0.8,-0.4,0.7,2.9,4,3,5.7,2.7,2,3.7,2.9,4.1,3.8,2.8,13.3039,53.5997
"358",5111,-1.5,-1.3,-4.4,-5.7,-4.8,-4.5,-5.7,-3.4,-2.2,0.8,-2.1,-2.2,-3.1,-3.6,-3.4,-2.5,-3.5,-2.8,-2.3,2.5,2.7,0.8,1.6,2.2,1.6,1.7,1.5,1,12.5396,48.031
"359",5133,-3.2,0.3,-0.5,-3.1,-2.8,-3.3,-3.5,0.7,3.2,3.6,1.7,-0.5,-0.6,1.2,-0.8,-0.4,1.6,2.1,0.1,3.2,3.6,2,1,2.2,2.6,4.2,2.5,1.8,8.9132,51.3343
"360",5142,-0.6,0.3,-1.3,-1.5,-3.9,-5.2,1.2,1.6,3.9,4.2,2,0.6,-1,-0.5,1,0.2,0.8,3.2,4.7,2.3,6.2,2.3,2.3,3.8,2.2,2.6,3.8,2.2,14.0697,53.7444
"361",5146,1,0.8,-0.8,-2.5,-2.3,-3.5,-0.8,2,5.2,5.3,4,0.3,-0.2,1,1,1.6,0,3.2,1.9,3.9,4.5,2.7,2.5,3.9,3.6,3.9,3,2.6,10.5287,52.9413
"362",5149,0.6,0.1,-1.6,-2.7,-1.8,-2.2,-3.6,0.2,0,1.8,0.9,-0.5,-1,-1.3,0.5,-0.8,-0.8,0.2,-1.6,3,4.6,2,1.7,3.3,2.4,2.6,2.1,2.9,10.1916,49.5742
"363",5158,-1.2,0.2,-0.9,-2.4,-3.3,-5.7,-2.2,1,3.8,4.4,2.8,-1.4,0,1.1,0,1.2,0.3,2.4,1.4,3.3,4.5,1.9,1.8,2.9,3,3.9,2.6,2.6,11.1759,52.1601
"364",5229,-2.4,-2.7,-4.5,-7.1,-5.2,-4.9,-7.1,-5.9,-3.5,-0.7,-4.9,-5.4,-3.9,-0.9,-2.4,-3.1,-3.4,-2.2,-2.8,-0.9,0,-0.3,-1,0.5,-0.2,-1.7,0.6,0,8.4608,48.0452
"365",5275,1.7,1.9,-0.8,-1.9,0,0.1,-1.8,0.6,1.3,3.2,3,0.7,1.2,2.2,0.1,1.3,1.6,2.1,0.4,4.5,6,2.1,2.3,5.2,4.6,5.4,4.5,3.7,8.5373,49.2447
"366",5279,-0.6,1,0.7,-1.8,-1.9,-2.9,-2.9,1.6,3.6,4.5,2.6,0.2,1.1,1.5,0.7,0.5,1.4,2.6,0.7,5.2,5,3.2,1.7,3.7,2.9,4.2,3.2,2,9.5761,51.6184
"367",5280,-1.6,0.1,-1.1,-1.7,-1,-3.8,2.2,2.6,5.6,6.2,3,1.4,0.1,1.6,2,0.9,0.3,2.7,3,3.4,4,3.3,3,3.9,3.7,4.7,3.6,2.8,10.2268,53.9223
"368",5300,-0.3,-0.4,-1.7,-3.3,-4.1,-3.4,-2.6,0.5,1.4,2.5,0.9,-1,0.3,4,1.1,0.3,0.6,1.6,-1.4,4.4,3.2,1.3,0.5,2.2,2.8,4,2.5,1.9,8.3602,50.2599
"369",5335,-1.1,0.3,-0.4,-2.7,-4,-3.9,-2.3,-0.2,2,2.9,1,-1.5,-1.1,-0.8,-2.5,-0.7,-0.8,0.9,-1.1,3.4,3.5,1,1.3,3.2,2.3,2.1,3.6,2.2,10.5484,50.8963
"370",5347,-1.8,0.6,0,-2.6,-3,-3.7,-3.5,0.9,3,3.9,1.9,-0.2,0.2,1.7,-0.2,0.2,1.5,2.2,0.3,4,3.8,2.3,1.4,2.9,3.2,4.6,3,2,9.1118,51.504
"371",5349,-0.4,0.3,-1.1,-1.4,-1.1,-3.3,0.9,1.3,4.7,4.9,1.8,0.7,-1.2,0.3,1.2,0,0.3,2.8,3.2,2.1,4.5,2.5,1.5,2.7,2.1,3.2,3.5,2.7,12.6654,53.5196
"372",5371,-4.1,-4.1,-4.9,-6.7,-7.9,-7.9,-4.5,-4.7,-2,-0.9,0.5,2.1,1.8,3.4,0.4,-0.4,-1.4,-2,-3.9,-0.1,-0.7,-2.3,-2.3,-1.5,-1.6,-0.5,-1,-2.3,9.9428,50.4973
"373",5397,-1.1,-0.9,-2.3,-5.7,-3.3,-3.3,-4.8,-1.6,-0.7,1.4,0.1,-2,-2.1,-2,0.1,2,0.3,-0.3,-2.5,0.9,2.3,1.7,0.6,2.7,0.8,0.1,1.1,1.5,12.1845,49.6663
"374",5424,-1.4,0,-0.4,-2.9,-3.6,-3.9,-2.6,-0.3,2.1,3.3,2.1,-1.7,0.6,0.8,-1.4,2.4,0,1.3,-0.2,3.3,4,1.5,1.2,3,2.8,3.4,3,2.1,11.3542,51.0179
"375",5426,-1.3,-2,-2.9,-4.2,-4.6,-4.5,-4.2,-1.1,-0.8,0.7,-0.6,-1.2,-1.5,0.6,-2.3,-1.8,-1.2,-0.7,-1.9,4.8,2.3,0.4,0.8,1.4,2.6,4,1.6,1.6,8.1213,49.3758
"376",5433,-0.5,-1.2,-3.3,-2.4,-3.6,-2.5,-1.4,0.7,0.9,1.9,1.4,0.6,1.1,3.7,0.8,-0.1,0.1,1.7,-1.2,4.5,2.5,1.6,0.7,1.9,2.5,4.1,2.8,1.3,6.812,49.5534
"377",5440,-1.7,-1.1,-5.6,-7.9,-4,-3.6,-6,-1.7,-0.7,1.3,-0.1,-1.6,-2.1,-2.5,-0.6,-1.7,-2.3,-1.5,-2.4,0.8,1.7,1.7,0,2.2,1,0.7,0.9,1.6,10.9319,49.0114
"378",5480,1.5,1.5,1,-0.8,-1.1,-1.4,-0.6,2.8,4.4,5,3.2,0.4,4.4,7.4,2.8,2.4,2.2,2.9,2.4,5.8,4.6,3.9,4.1,4.5,5.1,6.8,5,4.1,7.888,51.5765
"379",5490,0.4,1,0,-2.4,-3,-4.6,-1.8,0.8,4.3,4.4,2.3,-1.9,-1.6,2.1,-0.6,1.5,0.4,1.9,0.9,4.1,4.6,2.1,2.4,3.9,3.2,3.9,3.7,3.3,10.7686,51.8454
"380",5516,1.1,1.6,-0.2,-0.3,0.5,-0.2,3.2,2.9,4.3,4.3,2.9,1.6,0.1,1.6,2.9,0.9,0.6,3.6,3.6,3.4,3.8,3.1,2.9,4,3.5,4.3,2.9,3.4,11.0605,54.5284
"381",5538,-2,-1.1,-5.9,-5.5,-3.6,-3.8,-5.5,-3.7,-1.9,-1.5,-4.1,-4.1,-4.5,-4,-2.3,-2,-2.8,-1.8,-2.3,-0.4,-1.3,0.6,1.3,1.9,0.9,-0.9,-1.2,1.2,11.1576,47.8827
"382",5541,0.1,0.5,-1.3,-2.2,-3,-2.1,-2,1.6,2.5,3.3,1.7,0,-0.8,1.1,1.1,1.4,1.6,2.6,-0.4,4.4,4.2,2,0.2,2,2.5,4.1,3.4,2.1,8.3169,50.1321
"383",5546,-1.3,-0.7,-0.9,-2.3,-2.7,-4.8,-2.3,0.1,2.7,3.7,3.2,-0.1,0.8,0.3,0.6,0.2,-0.3,1.8,0.9,2.7,4.4,1,0.6,2.6,2.3,2.8,3.3,2.2,12.4585,52.1207
"384",5562,-1.3,-2.2,-6.2,-5.5,-4.1,-4.4,-6.3,-1.8,-1.2,0.7,-0.9,-1.8,-0.2,1.6,-1.3,-1.9,-2.4,-1.1,-1.8,1.5,2.1,0.4,0.6,1.2,1.1,1.7,1.5,1.3,8.6801,48.6516
"385",5629,-0.5,0.7,0,-1.4,-1.8,-3.8,-1.6,1.1,3.5,4.6,3.9,0.7,1.4,0.6,2.3,1.1,0.8,2.6,1.3,3.6,5.2,1,1.5,3.2,2.9,2.4,3.4,3.3,12.6445,51.8892
"386",5640,0.1,1.7,0.4,-1.5,-0.4,-1.4,2.9,4,5.7,5.6,3.8,2,2.6,3.9,1.8,2,1.1,1.9,2.5,3.8,2.8,2.3,3.9,4.5,3,5.4,4.5,3.2,7.6672,53.5504
"387",5643,-0.5,0.1,-1,-1.7,-1.5,-5.4,-0.6,1,4.1,5.2,3,0.8,-1.3,-0.2,1.4,0,-0.1,2.8,2.3,2.5,4.9,2.3,1,2.8,1.4,2.3,3.5,2.4,12.4949,53.1864
"388",5664,0.7,0.4,-2.6,-3.8,-1.8,-1.6,-3.3,-3.2,-1.4,0.6,0.7,-0.4,0.9,1.9,0.6,0.5,0.5,1.2,0.7,1.3,2.7,1.7,2.5,3.1,2.4,2.1,2.7,2.6,8.2391,48.2953
"389",5676,0.8,1.2,-0.1,-1.8,-2.2,-3,-1.3,1.5,4.4,4.9,3,-0.1,-0.1,1.4,0.9,2.3,0.8,3.5,1.9,4.7,5.5,2.6,2.8,4.5,4,4.1,3.3,3.1,10.6898,52.3961
"390",5692,1.7,2,0,-1.5,-0.9,-0.5,-1.6,2.9,2.8,3.7,3.4,0.9,0.1,0.6,-0.9,1.6,2.3,2.9,1.4,5,4.9,2.2,2.5,4.7,3.7,5.7,4.7,3.3,8.3659,49.6051
"391",5705,0.6,0.4,-0.4,-2.1,-1.6,-1.8,-2.1,1.1,1.5,3.4,1.2,-0.4,-1.1,-1.4,0.2,-0.4,-0.3,0.6,-1.1,3.3,4.4,3,0.7,3.8,3.1,3,2.4,3.2,9.9577,49.7703
"392",5717,0.9,0.9,0.4,-1.4,-2.2,-1.3,0.1,2.6,3.8,4.7,3,2.2,3.7,6.5,3.4,1.9,2,2.5,1.1,5.1,3.7,3.1,2.6,3.5,3.9,5.7,4.1,3.2,7.1053,51.2248
"393",5731,-0.2,0.3,-2.2,-3.1,-1.8,-1.7,-4,-5,-3.2,-1.6,-2.2,-3.3,-3,-0.4,-1.1,-1.3,-0.7,-0.1,0.2,0.3,0.4,1.4,1.5,2.1,1.7,0.8,1.7,2.1,8.3799,47.678
"394",5745,0.5,0.3,-1.2,-1.5,-1.5,-4.7,-0.8,1.1,3.7,4.9,3.3,1.4,-0.8,0,1.4,-0.2,0.4,2.1,2.7,2.6,5.5,1.3,1.7,3.2,1.8,2.3,3,2.5,13.3268,52.9664
"395",5750,-0.7,0.2,-0.5,-3.1,-2.7,-3.3,-2.3,-0.1,2,3.7,2.4,0.1,0.7,1.2,0.3,2.3,0.6,1.6,0.4,3.3,4.3,1.9,1.6,3.5,3,3.4,3.5,2.7,12.1495,51.0314
"396",5779,-4.2,-4.7,-4.7,-7.1,-7.5,-7.9,-6,-5.7,-2,-0.7,-1,-4.4,-4.1,-4.6,-1.6,-1,-3.5,-2.6,-2.3,-1.9,-1.7,-1.7,-1.9,-0.3,-0.8,-1,-1.3,-1.8,13.7516,50.7314
"397",5792,-17.6,-18,-17.7,-13.3,-11.3,-10.1,-9.8,-17.7,-14.7,-6.4,-3.5,-3.9,-6,-9,-9.7,-7.8,-9.2,-7.5,-5,-6.5,-10.5,-12.3,-7.5,-14.2,-14.8,-13.1,-12,-12.3,10.9847,47.4209
"398",5797,0,0.1,-0.7,-3,-3.9,-3.3,-2.5,-0.5,1.3,2.7,1.7,-0.3,-0.1,-0.2,-0.5,1.3,0.3,1.2,0,3.9,5.6,1.4,1.9,3.6,2.7,2,2.9,2.5,12.4328,50.688
"399",5800,-2.2,-1.9,-3.9,-6.5,-3.3,-4.3,-5.2,-3.4,-3.2,0.3,-1.4,-3.2,-4.7,-4.6,-2.4,-0.3,-0.4,-2.5,-3,-1.9,-0.6,1.4,1.2,1.2,0,0.1,0.1,0.2,13.2385,49.028
"400",5825,1.1,0.9,-0.2,-1.2,-1,-4.1,-0.9,1.5,4.3,5.1,4.9,1.4,0.3,0.9,1.7,0.8,0.5,3,2.6,2.9,5.7,2.2,1.5,3,3,2.7,3.5,3,12.7867,52.6198
"401",5839,0.4,1.6,0.8,-0.4,-0.5,-1.4,3.1,4.3,5.8,5.7,4.2,2.4,2.9,4.2,2,1.4,2,2.9,2.8,4.1,3.5,3.2,4.6,5,3.7,5.7,4.8,4,7.2287,53.3881
"402",5856,-1.7,-1.3,-3,-6.6,-3.2,-3.7,-4.3,-3.1,-2.1,0.8,0.3,-1,-1.7,-2.5,-0.4,1.9,0.5,-1.5,-2.3,-0.4,2.3,1.6,2.7,3.1,2.2,1.6,2.3,1.8,13.3531,48.5451
"403",5871,-1.4,-1.5,-2.7,-3.7,-5.3,-4,-4,-0.1,0.6,1.1,0,-1.1,-1.2,0,-1.1,-0.9,-0.9,0.8,-2.4,4.4,1.7,0.8,1.3,1.5,2.1,3.5,2,1.2,7.2645,49.9462
"404",5906,2,2.5,0,-1.3,-0.4,0.3,-1.5,1,1.2,3.2,2.7,0.8,1,1.5,-0.7,2.1,2.1,2.7,0.5,4.8,5.6,1.9,2,4.7,4.4,5.7,4.8,3.6,8.5541,49.509
"405",5930,-2.6,-0.9,-0.8,-1.5,0.3,-3.3,3.4,2.9,5.9,5.5,3.6,1.9,0.6,1.3,2.8,1.7,0.2,4,3.3,3.1,2.9,3.1,3.4,4.6,3.9,4.8,3.8,3.3,10.0238,54.641
"406",5941,-5.6,-2.9,-5,-4.6,-5.3,-4.8,-5.8,-5.4,-3.9,-2.2,-3.9,-1.8,-4,-3.8,-2.9,-2.3,-1.8,-1.7,-2.4,-2,-1,0.3,0.4,0.9,0.2,0.3,-0.3,1.3,12.4696,47.6752
"407",6093,0.8,0.6,-0.4,-1.6,-1.2,-2.2,0.6,2,5.3,5.5,3.7,0.7,-0.2,1.8,1.1,1.2,-0.2,2.9,1.9,3.6,4.1,2.7,2.4,3.3,3.9,4.5,3.2,2.3,10.4704,53.2138
"408",6105,-1.6,0.1,-1.2,-2.2,-0.7,-2.6,2.9,2.6,5.9,5.8,3.4,1.9,0.5,0.8,2.7,1.2,-0.1,3.3,2.9,3.1,3.4,3.1,3.5,4.4,3.7,5.3,4.2,3.2,9.8052,54.3192
"409",6109,-0.8,0.3,-1.9,-1.6,-4.5,-6,-0.1,0.7,2.9,3.9,2,1.1,-1.3,-0.3,1.1,-0.5,0.2,2.1,3.6,1.7,5.3,1.1,2.3,3.5,2,2.3,3.2,2,14.3728,53.3837
"410",6129,-2.2,-1.6,-0.1,-2.5,-2.7,-3.5,-2.9,-0.3,1.6,3,2.2,0.6,1,0.4,2.4,-0.8,1.2,0.5,-0.1,0.9,3.1,1,0.6,3.2,0,-0.6,0.1,0.3,14.4262,51.0594
"411",6157,0.7,2.2,1.1,0.9,0.8,-0.3,3.3,4.5,6.1,6,4.1,2.4,2.6,3.6,2.5,2.7,1.7,2.6,3.1,4.2,3.4,2.8,4.3,5.1,4,6.1,5.1,3.9,8.081,53.6409
"412",6158,-1.8,-1.1,-4.7,-6.2,-3.3,-3.6,-5.4,-1.5,-0.9,1,-0.3,-1.9,-2.4,-2.3,-0.6,-1.6,-2.1,-1.6,-2.8,0.9,2.1,1.4,-0.3,1.9,0.8,0.8,0.8,1.4,10.6084,49.2247
"413",6159,-0.1,1,0.5,-1.1,-0.6,-1.2,1.1,4,6,5.6,4.3,2.5,3.7,5.7,2.2,2.1,1.4,1.5,2.7,4.4,3.7,2.2,4.4,5,4,6.1,5,3.8,7.3196,52.9542
"414",6163,-1.6,0.3,-1,-1.4,-0.5,-3.5,2.5,2.6,5.7,5.7,2.7,1.5,0.1,1.9,2.5,1.1,0.1,3,3.1,3.2,3.8,3,3,3.9,3.5,4.7,3.4,2.9,10.3519,54.1654
"415",6170,-0.5,0.7,0.1,-1.7,-3.9,-3.6,-2.2,1.1,3.2,4.7,4.7,1,-0.6,-1,1.1,0.1,1.5,2.8,0.9,2.1,5,2.4,2.2,3.6,1.2,0.6,0.4,1.9,14.7254,52.0192
"416",6186,0.4,0.7,-0.8,-1.9,-3.9,-1.7,-1.7,1.2,2.4,3.3,1.8,0.6,0.8,2.8,0.4,0.7,1.4,3,-0.6,5.8,3.8,2.6,1.9,3.4,2.9,4.8,3.3,2,7.8647,50.1988
"417",6197,-0.8,-0.1,-0.4,-3.1,-3,-4.2,-3.2,0.8,3.1,3.9,2.1,-0.8,0.4,2.4,-0.5,0.9,1,2.2,0.2,3.3,3.7,2.3,1.1,2.7,3.5,4.4,3,2.3,9.2709,51.8664
"418",6199,0.3,-0.2,-1.7,-1.3,-3.2,-5.6,2,2,4.5,4.1,1.9,0.8,-0.7,0.3,2.1,-0.2,0.1,3.7,4.2,3,4.9,2.9,1.9,3.7,1.7,2.9,3.1,3,13.0418,54.2484
"419",6217,1.2,0.7,-1.6,-2,-2,-0.5,-1.5,1.3,1.7,3.3,3.3,1,2.9,5.3,1.3,1.2,1.3,3.1,0.5,6.9,4.5,3.1,3.2,4.1,4.6,6.2,4.7,2.6,6.9351,49.2406
"420",6258,0.4,0,-2.3,-3.4,-2.6,-2.4,-3.8,-3.9,-2.4,0.5,-1.2,-2.7,-2.5,-2,-2,-1.7,-0.8,-0.6,0.4,2.5,1.5,0.9,0.6,3.1,1.9,1.6,0.5,2.4,9.4409,47.6845
"421",6259,-1.6,-2,-3.9,-4.7,-4,-4.3,-5.9,-2.5,-2.1,0.1,-0.3,-1.1,-1.2,-0.8,-2.2,-1.1,-2.6,-2.2,-2.9,4,3.3,1.1,0.5,1.7,2.1,3.2,1.5,1.2,9.6032,49.021
"422",6260,-0.3,-0.2,-2.7,-3.4,-2.3,-2.7,-4.1,-0.9,-0.8,0.9,0.6,-1.2,-1.4,-1,-0.2,0.3,-1.1,-0.5,-2.3,3.5,4.6,1.4,1.3,3.4,2.8,3.7,2.6,2.4,9.7039,49.3325
"423",6262,-0.2,-0.6,-6.6,-7.1,-2.8,-3,-6,-2.2,-0.8,1.5,0.4,-1.4,-0.6,0.3,-1,0.1,-2.3,-0.8,-0.9,3.3,4.3,1.5,2,2.9,2.9,1.8,2.3,2.7,9.8738,48.7696
"424",6263,-0.1,-0.2,-1.8,-2.9,-2.4,-2.4,-4,-2.9,-2.2,0.7,-0.9,-3.2,-3.4,-1,-1.5,-1.9,-1.5,-0.6,0.5,0.4,0.6,0.7,1.3,2.9,1.6,0.2,0.8,1.8,8.8218,47.7738
"425",6264,-1.5,-0.9,-1.7,-4.2,-4.6,-5.1,-3.1,-0.6,1.7,2,0.3,-0.3,0.9,3.7,1.2,0.8,-0.2,1,-0.3,3.2,2.2,1.3,1.3,2,2.8,3.7,2,1.2,8.6498,51.4143
"426",6265,0.3,0.9,-0.1,-1.4,-1,-4.3,-1,1.5,4.3,5.1,4.7,1.1,1.4,1,1.8,1.3,0.3,2.9,1.9,4,6,2.1,1.9,3.7,2.8,3.1,4,3.1,12.3867,52.3613
"427",6266,-0.3,0.8,0.1,-1.6,-2.5,-5,-1.7,1.1,3.9,4.9,3.1,-1.2,-0.3,0.5,-0.3,1.4,0.6,3.1,1,3.7,5.1,2.9,2.7,3.7,3.7,3.3,2.9,3.1,10.9625,52.0305
"428",6272,-1.3,0.3,-1.9,-3,-3.9,-3.5,-2.6,-0.1,1.9,3.2,1.7,-0.9,-1,-1.2,-1.1,0.2,-0.8,1.5,-0.9,2.9,3.1,1,0.6,3.1,2.3,2.7,2.4,2,10.2516,50.8424
"429",6273,1,1.1,-0.1,-1.4,-1.5,-4.6,-1.7,1.8,4.6,5.4,4.8,0.4,0.2,0.1,1.2,1.4,-0.1,3.1,0.9,3,5,2,1.6,2.9,2.2,2.6,3.1,3,11.8549,52.5072
"430",6275,0.5,0,-4.8,-5.3,-1.9,-2.6,-4.2,-1.3,0,1.5,0.5,-0.9,-0.4,1.2,-0.8,0.2,-0.9,0.2,-0.2,3.2,3.5,1.7,2.4,3.2,2.7,1.4,2.2,3.3,9.4625,48.6707
"431",6305,-3,0.9,0.2,-2.4,-2.7,-3,-2.1,1.3,3.8,4.7,1.9,0.1,0.5,0,-1.6,-0.8,0.1,1.5,0.5,4.5,3.9,0.6,1,3.8,2.1,0.9,1.5,1.4,10.4948,51.2065
"432",6310,-0.3,0,-1.5,-1.3,-3.2,-5.8,1.9,1.9,4.3,3.7,2.4,1,-0.2,-0.1,1.9,0,0.4,3.7,4.4,2.5,5.2,2.3,2,3.5,1.8,0.9,1.9,2.5,13.8239,54.1049
"433",6312,-0.7,-0.4,-2.5,-4.3,-2.4,-2.6,-4.3,-0.6,0,1.4,0.3,-1.3,-1.7,-1.7,-0.4,-1.8,-1.7,-0.4,-2.2,1,3.6,1.4,0.1,2.3,0.9,0.6,1.4,2.3,10.6418,49.5314
"434",6314,0.2,0.1,-0.3,-3.3,-2.8,-3.3,-2.9,-0.2,1.4,3.1,2,0.1,0.7,0.5,1.2,1.8,1.6,1.5,1.5,4.2,5.5,2.1,2.4,4.2,3.1,3,3.6,2.3,13.3008,51.0507
"435",6336,0.2,0.3,-1.4,-2.8,-2.5,-2.1,-2.8,0.9,1.5,3.1,1.1,-0.6,-1.1,-1.6,0.1,-0.5,0,1.1,-0.9,3,3.2,1.1,0.1,2.7,2.3,2.4,2.5,2.3,9.6539,50.0133
"436",6337,1.8,1.3,0.9,-0.8,-0.8,-1.2,0,3,4.8,5.2,2.9,0.1,3.3,6.6,2.6,2.2,1.8,1.8,2,5.3,3.9,3.1,4.1,4.4,4.6,6.4,5,3.9,7.5193,51.7663
"437",6344,0.4,1.3,0.4,-1,-2,-0.6,-0.7,2.2,3.1,4,2.5,1.1,0.9,2.3,2.1,1,2.3,2.9,0.4,5.8,4.5,2.2,1.6,4,3.4,5.1,4.1,2.1,8.1433,50.3944
"438",6346,-1.1,-1.4,-7.7,-8.2,-3.7,-4.2,-6.1,-3.1,-2.2,0.1,-2.1,-2.2,-3,-3.4,-2.3,-2,-3.2,-2.3,-2.6,2,1.4,0.2,0.2,2.3,1.4,0.4,-0.2,1.1,11.2034,48.2072
"439",6347,0,0,-1,-2.6,-2.6,-2.5,-2.9,0.2,0.9,2.8,0.8,-1,-1,-1.7,0.1,0,-1,0.6,-1.6,3.6,3.6,2.2,0.1,2.7,2.5,3,2.7,2.4,10.2974,50.0578
"440",7075,-0.6,-0.7,-4.9,-7.3,-3,-3.5,-5,-2.2,-1.5,1.1,0.2,-1.5,-2.1,-2.5,-1.9,-2.1,-2.2,-1.6,-2.5,-0.3,0.5,1.4,-0.2,2.4,1,0.6,1.8,1.7,11.8494,48.7021
"441",7099,0.4,0.8,-0.5,-2.5,-2.9,-4.4,-2.3,1,3.6,4.4,2.8,-0.3,1.1,3.3,-0.4,1.5,0.9,2.9,1.7,5,5.3,2.8,2.6,4.1,4.1,5,3.6,3.2,10.3966,52.0111
"442",7105,-2.3,-2.5,-4.4,-4.5,-5.5,-5.7,-6.1,-4.7,-2.9,-0.2,-2,-2.9,-3,-2.2,-0.9,-0.9,0.5,-3,-1.2,3.1,3.4,0,1.9,1.3,0.5,1.1,1.3,0.5,12.6549,47.8349
"443",7106,1.1,1.1,1,-1.4,-1.5,-2.2,-0.9,2.5,4.6,4.9,2.8,-0.7,1.4,2.1,-0.4,0.2,1.3,2.2,2.2,4.7,4.1,3,3.2,4.2,4.7,6.4,4.1,3.1,8.4568,52.0714
"444",7187,1,1.3,-0.4,-2.5,-1.4,-1.1,-2.5,1.4,2.4,3.3,1.8,0.2,-0.3,-0.5,0.5,0.8,1,1.5,0.1,3.2,3.5,1.6,-0.3,3.4,2.7,3,3.1,2.6,9.4053,49.7636
"445",7298,-2.1,0.8,-1.7,-3.2,-1.6,-3.2,3.7,2.9,5.6,5.5,3.9,2.1,1,1,2.9,1.4,0.8,3.8,3.2,3.1,2.2,3.4,3.3,4.4,3.7,4.8,4.5,3.9,9.0425,54.5266
"446",7319,-1.4,-0.8,-6.6,-7.8,-3.2,-3.7,-5.6,-1.9,-1,1.2,0,-1.8,-2.3,-3,-1.9,-0.7,-1.7,-1.6,-1.9,-0.5,0.2,1.6,0,2.6,1.7,0.2,-0.3,1.6,10.7415,48.7351
"447",7321,-1.2,0.5,0.4,-1.6,-2.3,-2.7,-1.9,0.6,3.1,4.3,2.5,-0.8,-0.6,-1,-0.3,2.4,-0.4,0.9,-1.5,3,4.3,0.2,1.7,2.8,1.6,2.4,3,1.8,11.3319,51.1509
"448",7329,-1.4,-1.3,-2.1,-3.7,-4.6,-4.6,-3.8,-1.7,0,1.6,0.2,-1.6,-1.8,-1.6,-0.8,1.5,0.6,0,-1.6,2.4,4.4,0.4,0.6,2.3,0.9,0.5,2.7,1.3,12.2852,50.5457
"449",7330,0.5,1.1,0.3,-2.5,-2.5,-2.5,-1.7,1.9,3.8,4.3,2.2,-0.1,4.5,6.2,0.7,0.4,1.1,1.7,1.4,5.2,4,3.1,3.2,3.3,3.6,6,3.7,3,7.978,51.4634
"450",7331,-2.1,-1.8,-9.5,-8.3,-3.4,-4.2,-6.5,-2.6,-1.2,1,-0.2,-2.3,-3,-3.1,-2.1,-1.3,-2.1,-1.7,-2,-1.2,-0.7,1.1,0.4,2.1,1.1,0.1,-1.1,1.7,10.2682,48.6096
"451",7341,1,1.4,-0.1,-1.6,-1.5,-1,-1.9,2.8,3.2,4.4,2.9,1.2,1.1,1,0.5,1.8,2.4,3,1.1,6.5,5.6,2.7,1.9,4.7,4.2,5.5,4.4,3.3,8.7862,50.09
"452",7343,-3.1,-3.5,-3.3,-6,-7.9,-7.2,-6.2,-3.8,-1,0.4,0.1,-3.4,-3.2,-3.5,-0.2,1,-2.3,-1.5,-2.2,-1.6,-0.3,-0.9,-0.7,0.9,-0.7,-2.5,-0.3,-0.9,13.4816,50.6199
"453",7350,-1.9,-1.7,-3.6,-5.4,-3.2,-3.9,-5.7,-3,-2.7,0.3,-1.1,-3,-3.4,-4,-2.7,-1.2,-1,-2.3,-3.5,0.5,1.4,0.9,1,1.3,0.6,0.4,0.9,0.3,12.8231,49.1087
"454",7351,-1,-0.5,-2.3,-2.1,-3.3,-7.8,-0.4,0.5,3.5,4.5,1.7,0.3,-1.2,-0.1,0.5,-0.7,0.1,1.9,3.3,1.9,5,1.2,1.3,2.9,1.7,2.4,3.1,2.3,13.4175,53.3175
"455",7364,0,1.1,0.6,-1.4,-1,-2.9,-1,1.7,4,5,4.2,0.4,2,1,1.2,2.5,0.2,2.9,1.6,4.3,5.5,1,2.2,4,2,2.9,3.9,3.5,12.3042,51.682
"456",7367,0.5,1.2,0.5,-1.8,-1.9,-3.5,-2.5,1.8,4.3,5,3.1,0.3,1.8,2.7,-0.6,1.3,1.7,3,1.2,4.6,5.3,3.1,2.2,4,4,4.8,3.5,3.2,9.8072,51.9644
"457",7368,-0.5,0.2,-0.6,-2.6,-3.5,-3.9,-2.3,0.3,1.9,3.3,1.7,-0.9,-0.4,-0.4,-2.1,-0.9,-0.3,1.4,-1,4.1,3.7,1.5,1.3,3.2,3,2.6,3.2,2.2,10.3621,51.0007
"458",7369,-1.8,-1.3,-5.3,-7.2,-3.5,-3.7,-5.5,-1.8,-0.9,0.9,-0.3,-2,-2.3,-2.3,-0.7,-1,-2,-1.8,-3,0.6,2.8,1.3,0.3,1.9,1.4,0.6,0.7,1.3,10.3662,49.1623
"459",7370,-2,-1.4,-4.4,-7.2,-3.7,-3.9,-4.4,-2.5,-1.9,0.8,-0.3,-2.5,-2.7,-3.3,0,0.5,-1.5,-1.3,-3.1,-0.6,-0.8,0.6,0.6,1.8,-0.1,-0.9,0.3,0.3,12.6838,49.3909
"460",7373,2,3.6,3.5,1.2,0.6,0.4,4.4,5.1,5.8,5.6,4.4,2.6,3.3,4.8,2.5,2.1,3.7,4,3.4,4,3.5,3.7,4.7,4.9,3.7,5.3,5.2,4.6,6.7024,53.5984
"461",7374,1.1,1.2,1,-0.8,-1.2,-1.1,-0.1,3.3,5.3,5.4,2.9,-0.3,3.1,6.5,1.8,1.7,1.9,0.3,2.2,4.6,3.3,1.7,3.5,4.5,4.2,6.3,5,3.6,6.941,52.0814
"462",7389,0.7,0.6,-1.2,-1.8,-3.8,-4.9,-1.3,0.7,3.3,4.5,3.6,1.8,0.1,-0.1,1.1,-0.4,0.7,2.5,2.7,2.6,5.7,1.3,2.2,3.6,2,2,3.2,2.8,13.8427,52.7461
"463",7393,0.8,1.3,0.5,-1.8,-1.6,-2.6,-2.4,1,2.6,4.3,3.9,0.6,-0.3,0.3,3.1,0.6,2.4,2.2,1.3,3,5.3,2.6,2.8,5,2.2,1.4,2,2.2,14.2533,51.4493
"464",7394,-2.4,-2.1,-3.4,-5.3,-6.4,-5.5,-5,-2.9,-1.3,0.5,-1.4,-3.6,-3.8,-3.6,-1.4,0.5,-1.7,-1.2,-4.1,-0.7,1.4,0.2,-1.2,1,0.1,-1.3,-0.2,0.5,11.9745,50.0315
"465",7395,-0.5,-0.6,-5.6,-8.1,-2.4,-3.2,-5.5,-1.7,-1.1,1.8,0.7,-0.3,-1.4,-1.4,-1.3,-2.4,-2.1,-0.9,-1.7,0,1,2.1,1.3,3.2,2.3,0.6,1.4,2.4,12.5388,48.6596
"466",7396,-3,-3,-3.6,-6,-6.9,-7.1,-4.8,-3.5,-1.3,-0.1,-1.1,-3,-0.6,2.7,0.3,-1.8,-2.5,-1.2,-4.3,1.1,0.3,-1.4,-1.7,-0.5,-0.2,0.7,-0.3,-1.3,9.2247,50.5084
"467",7403,-2,-1.8,-5.5,-6,-4.7,-4.5,-7.2,-6.4,-4.4,-3.4,-5.5,-7.3,-5.6,-4.8,-4.6,-4.9,-3.9,-2.7,-0.9,-2,-1.1,-1.7,-1.1,1.3,-0.5,-3.9,-2.5,-0.2,10.0324,47.7955
"468",7410,-1.2,-0.6,-1.2,-3,-3.3,-3.5,-2.6,0.4,1.9,2.8,0.6,-1.4,-0.9,0.7,-0.3,-0.5,0.3,1.8,-1.3,3.5,3.4,1.5,0.3,2,2,3.3,2,1.1,9.0226,50.7519
"469",7412,-0.3,-0.3,-1.8,-4,-4,-2.8,-4.5,-0.4,0.7,1.9,0.4,-1.2,-1.5,-1.8,-0.2,-1,-0.6,0.4,-1.4,3.4,3,0.2,0.1,2.9,2.6,2.6,2.1,1.5,9.4239,50.0083
"470",7419,-1.2,-0.6,-1.5,-3.2,-4,-3.9,-2.8,-0.9,1.2,2.4,1,-0.8,-0.8,-0.5,-0.4,1.3,1.7,0.8,-0.8,2.6,3.3,0.8,0.8,2.7,1.4,1.1,3,1.9,12.0757,50.661
"471",7420,-1.6,0,-0.6,-2.5,-2.5,-3.3,-2.5,0.3,2.2,3.8,2.6,-1.4,0.8,0.9,-0.9,2,-0.4,1.6,-0.1,3.4,4.4,1.1,1.5,3.3,2.4,2.5,3.6,2.4,11.711,51.1043
"472",7424,-2,-1,-4.4,-2.5,-3.5,-2.9,-4.8,-1.7,0.3,0.8,-2.9,-1.1,-2.2,-2.7,-3.4,-2.8,-2.4,-0.7,-1.2,0.1,1.1,0.9,3.1,2.8,2.4,1.4,2.4,2.6,12.9073,47.7724
"473",7427,-1.6,0.5,-1.1,-1.7,-0.3,-2.7,2.5,2.6,5.8,6,3.2,1.7,0.5,2,2.4,1.2,0,2.4,2.6,3.4,3.6,3,3.4,4.1,3.9,5.3,4.2,3,9.9257,54.019
"474",7428,-1.3,-0.9,-2.3,-4.9,-4.7,-3.5,-3.4,-1.4,0.3,1.9,0.5,-1.9,-2,-3,-2.1,-0.4,-2.6,0.6,-2,1.8,2.1,-0.3,-0.5,1.9,0.4,0,1.4,1.3,10.8156,50.4166
"475",7431,-1.8,-1.5,-6.5,-7.4,-4.4,-4.7,-6.6,-3.6,-2.1,-0.2,-2.9,-2,-3.9,-3.8,-2.9,-2.6,-3.3,-2.8,-2.2,0.4,0.8,0.4,1.1,1.4,0.5,-1,-0.3,0.6,11.5525,48.0131
"476",7432,1.1,1.1,0,-1.6,-2,-2.5,-1.3,1.9,4.7,5.1,3.6,0,-0.3,0.9,0.8,1.9,0.3,3.2,1.3,4,4.9,3,2.4,4.2,4,3.8,3.2,2.5,10.6631,52.6425
"477",13670,1.8,1.3,1.2,0.2,-0.8,-0.4,0.8,3.5,4.9,5.4,4.3,3.3,4.9,7.9,4.3,3.5,2.9,2.5,2.8,5.6,4.1,2.8,4,4.6,4.6,6.7,5.2,4.4,6.7015,51.5087
"478",13674,0.5,0.9,-1,-2.3,-1.1,-1.2,-2.3,0.7,0.2,1.8,1.6,0.3,-0.5,0.2,-0.4,1,0.5,0.8,0,3.7,4.8,2.2,0.3,4,3.8,4.2,3.4,2.9,8.9054,49.2942
"479",13675,1.2,1.5,0.9,-1.2,-1.2,-2.1,-1.5,2.5,4.6,5.3,3.6,0.8,2.4,3.3,0.4,1.3,1.5,3.6,1.8,4.8,4.9,3.5,2.9,4.2,5.1,5.7,4.1,3.2,9.4072,52.0817
"480",13696,1.9,1.5,0.8,-0.9,-1.1,-1.1,-0.1,3.1,4.8,5.2,2.8,0.6,3.2,7.9,2.7,0.8,1.6,2.2,1.8,5.6,3.8,3.3,3.9,4.4,4.4,6.2,4.7,3.5,7.4048,51.5968
"481",13700,0.9,0.7,0.1,-1.3,-2.2,-2.1,-0.8,2.5,3.7,4.3,2.6,1.5,4,6.7,2.5,2.3,1.9,2,0.8,4.6,3.4,2.8,2.4,3.2,3.9,5.5,4.3,3.4,7.3411,51.3329
"482",13710,-1,-1,-3.9,-5.8,-3.3,-4.2,-5.6,-2.4,-2,1.2,-0.3,-1.6,-2.7,-3,-1.3,-2.1,-2.8,-1.9,-3.1,-0.1,2,1.4,0.4,2.9,2,1.7,2.1,1.4,12.2574,48.5734
"483",13711,-0.4,0.4,0,-1.7,-2.5,-2.7,-1.5,0.5,2.3,3.3,1.8,0.1,0.9,0.9,-0.4,1.4,-0.1,1.8,-0.1,3.4,4,0.6,1.7,3.6,2.8,2.1,4.3,2.7,11.515,50.6813
"484",13713,-1.1,-0.7,-1.5,-4.1,-4.3,-3.5,-1.1,0.4,1.7,2.5,0.6,-0.8,0.5,3.6,3.2,-0.1,0.4,1,-1.1,2.8,2.5,1.3,0.6,1.3,1.9,3.4,2.2,1.2,7.6289,51.0898
"485",13777,0.1,1,-0.2,-1.9,-2.5,-4.9,-3.1,1.3,4.2,4.9,3.2,-0.5,-0.1,2.1,1,2.2,0.8,3.1,1.8,4.4,5.2,2.5,2.1,4.1,3.8,4.1,3.3,2.6,10.9589,52.2464
"486",15000,0.5,0.3,0,-0.7,-2.8,-2,-1,2.2,2.6,3.8,3,3.6,6,6.6,4.3,2.1,1.7,2.3,2,5,2.6,2.1,3.4,3.4,3.1,5.7,3.7,3.5,6.0244,50.7982
"487",15207,-1.7,0.1,-0.7,-3,-3,-2.9,-2.5,0.3,2.6,3.4,1.4,-1.3,-0.4,1.2,1.1,0.3,1,2.1,-0.6,3.9,3.7,1.9,0.7,2.5,2.3,3.7,2.4,1.8,9.359,51.2835
"488",15444,-1.8,-2.2,-8.8,-7.6,-4.2,-4.7,-7.2,-3.3,-2.2,0,-1.5,-3.4,-4.4,-4.1,-3.1,-2.4,-3.1,-2.6,-1.9,1.3,0.5,0.2,-0.3,1.8,0.1,-1,-1.2,0.7,9.9216,48.4418
