year;month;mean_daymean_temp;mean_daymax_temp;mean_daymin_temp
1857;1;-1,00;NA;NA
1857;2;0,20;NA;NA
1857;3;3,50;NA;NA
1857;4;7,40;NA;NA
1857;5;13,20;NA;NA
1857;6;17,00;NA;NA
1857;7;18,30;NA;NA
1857;8;19,00;NA;NA
1857;9;15,30;NA;NA
1857;10;11,20;NA;NA
1857;11;3,50;NA;NA
1857;12;2,60;NA;NA
1858;1;-2,30;NA;NA
1858;2;-2,40;NA;NA
1858;3;1,60;NA;NA
1858;4;7,00;NA;NA
1858;5;11,20;NA;NA
1858;6;19,10;NA;NA
1858;7;16,80;NA;NA
1858;8;17,00;NA;NA
1858;9;15,10;NA;NA
1858;10;9,00;NA;NA
1858;11;-1,40;NA;NA
1858;12;1,70;NA;NA
1859;1;1,60;NA;NA
1859;2;3,40;NA;NA
1859;3;6,80;NA;NA
1859;4;7,50;NA;NA
1859;5;12,80;NA;NA
1859;6;17,60;NA;NA
1859;7;19,80;NA;NA
1859;8;18,10;NA;NA
1859;9;13,80;NA;NA
1859;10;10,10;NA;NA
1859;11;2,80;NA;NA
1859;12;-1,20;NA;NA
1860;1;2,60;NA;NA
1860;2;-1,30;NA;NA
1860;3;2,00;NA;NA
1860;4;7,00;NA;NA
1860;5;13,20;NA;NA
1860;6;16,00;NA;NA
1860;7;15,60;NA;NA
1860;8;15,50;NA;NA
1860;9;12,80;NA;NA
1860;10;8,20;NA;NA
1860;11;1,20;NA;NA
1860;12;-1,40;NA;NA
1861;1;-5,50;NA;NA
1861;2;4,20;NA;NA
1861;3;5,60;NA;NA
1861;4;6,20;NA;NA
1861;5;10,70;NA;NA
1861;6;17,90;NA;NA
1861;7;17,70;NA;NA
1861;8;17,40;NA;NA
1861;9;13,30;NA;NA
1861;10;9,80;NA;NA
1861;11;5,00;NA;NA
1861;12;1,40;NA;NA
1862;1;-0,70;NA;NA
1862;2;1,40;NA;NA
1862;3;6,40;NA;NA
1862;4;10,10;NA;NA
1862;5;15,80;NA;NA
1862;6;15,30;NA;NA
1862;7;16,50;NA;NA
1862;8;16,00;NA;NA
1862;9;13,50;NA;NA
1862;10;10,80;NA;NA
1862;11;3,70;NA;NA
1862;12;2,00;NA;NA
1863;1;3,50;NA;NA
1863;2;3,00;NA;NA
1863;3;5,10;NA;NA
1863;4;8,10;NA;NA
1863;5;12,60;NA;NA
1863;6;15,40;NA;NA
1863;7;15,50;NA;NA
1863;8;17,70;NA;NA
1863;9;12,90;NA;NA
1863;10;11,00;NA;NA
1863;11;3,90;NA;NA
1863;12;3,60;NA;NA
1864;1;-5,00;NA;NA
1864;2;-0,40;NA;NA
1864;3;4,60;NA;NA
1864;4;6,00;NA;NA
1864;5;10,50;NA;NA
1864;6;15,40;NA;NA
1864;7;16,00;NA;NA
1864;8;14,00;NA;NA
1864;9;13,20;NA;NA
1864;10;8,10;NA;NA
1864;11;2,60;NA;NA
1864;12;-2,60;NA;NA
1865;1;0,60;NA;NA
1865;2;-4,40;NA;NA
1865;3;-0,60;NA;NA
1865;4;10,40;NA;NA
1865;5;16,80;NA;NA
1865;6;14,20;NA;NA
1865;7;20,20;NA;NA
1865;8;16,50;NA;NA
1865;9;15,10;NA;NA
1865;10;9,60;NA;NA
1865;11;6,30;NA;NA
1865;12;0,90;NA;NA
1866;1;4,40;NA;NA
1866;2;4,40;NA;NA
1866;3;3,10;NA;NA
1866;4;9,10;NA;NA
1866;5;10,00;NA;NA
1866;6;18,00;NA;NA
1866;7;16,20;NA;NA
1866;8;15,80;NA;NA
1866;9;15,30;NA;NA
1866;10;6,80;NA;NA
1866;11;4,90;NA;NA
1866;12;2,90;NA;NA
1867;1;0,10;NA;NA
1867;2;5,20;NA;NA
1867;3;1,80;NA;NA
1867;4;8,40;NA;NA
1867;5;12,00;NA;NA
1867;6;15,90;NA;NA
1867;7;15,80;NA;NA
1867;8;17,20;NA;NA
1867;9;14,40;NA;NA
1867;10;8,40;NA;NA
1867;11;4,10;NA;NA
1867;12;-0,80;NA;NA
1868;1;-0,60;NA;NA
1868;2;4,60;NA;NA
1868;3;4,30;NA;NA
1868;4;7,20;NA;NA
1868;5;16,70;NA;NA
1868;6;16,90;NA;NA
1868;7;19,00;NA;NA
1868;8;18,90;NA;NA
1868;9;14,50;NA;NA
1868;10;8,10;NA;NA
1868;11;2,20;NA;NA
1868;12;5,60;NA;NA
1869;1;-0,20;NA;NA
1869;2;5,60;NA;NA
1869;3;1,50;NA;NA
1869;4;10,80;NA;NA
1869;5;12,60;NA;NA
1869;6;13,20;NA;NA
1869;7;18,40;NA;NA
1869;8;14,80;NA;NA
1869;9;14,30;NA;NA
1869;10;7,40;NA;NA
1869;11;3,60;NA;NA
1869;12;0,00;NA;NA
1870;1;0,40;NA;NA
1870;2;-3,80;NA;NA
1870;3;1,40;NA;NA
1870;4;8,10;NA;NA
1870;5;12,40;NA;NA
1870;6;15,30;NA;NA
1870;7;18,50;NA;NA
1870;8;15,80;NA;NA
1870;9;11,80;NA;NA
1870;10;8,10;NA;NA
1870;11;4,90;NA;NA
1870;12;-5,00;NA;NA
1871;1;-4,80;NA;NA
1871;2;0,10;NA;NA
1871;3;5,40;NA;NA
1871;4;7,00;NA;NA
1871;5;9,50;NA;NA
1871;6;13,10;NA;NA
1871;7;17,80;NA;NA
1871;8;17,20;NA;NA
1871;9;13,70;NA;NA
1871;10;6,70;NA;NA
1871;11;1,00;NA;NA
1871;12;-3,40;NA;NA
1872;1;1,40;NA;NA
1872;2;2,80;NA;NA
1872;3;5,20;NA;NA
1872;4;9,60;NA;NA
1872;5;12,80;NA;NA
1872;6;15,80;NA;NA
1872;7;18,20;NA;NA
1872;8;15,60;NA;NA
1872;9;14,70;NA;NA
1872;10;9,20;NA;NA
1872;11;6,70;NA;NA
1872;12;3,60;NA;NA
1873;1;3,80;NA;NA
1873;2;-0,10;NA;NA
1873;3;4,90;NA;NA
1873;4;6,60;NA;NA
1873;5;9,90;NA;NA
1873;6;16,70;NA;NA
1873;7;18,90;NA;NA
1873;8;17,70;NA;NA
1873;9;12,60;NA;NA
1873;10;9,80;NA;NA
1873;11;4,60;NA;NA
1873;12;1,80;NA;NA
1874;1;2,40;NA;NA
1874;2;0,70;NA;NA
1874;3;4,10;NA;NA
1874;4;9,20;NA;NA
1874;5;9,20;NA;NA
1874;6;15,50;NA;NA
1874;7;19,10;NA;NA
1874;8;15,30;NA;NA
1874;9;15,10;NA;NA
1874;10;9,60;NA;NA
1874;11;1,70;NA;NA
1874;12;-1,10;NA;NA
1875;1;2,40;NA;NA
1875;2;-3,20;NA;NA
1875;3;0,90;NA;NA
1875;4;7,20;NA;NA
1875;5;13,10;NA;NA
1875;6;17,30;NA;NA
1875;7;17,70;NA;NA
1875;8;18,80;NA;NA
1875;9;13,00;NA;NA
1875;10;6,80;NA;NA
1875;11;2,70;NA;NA
1875;12;-1,30;NA;NA
1876;1;-2,60;NA;NA
1876;2;1,40;NA;NA
1876;3;4,10;NA;NA
1876;4;8,30;NA;NA
1876;5;9,20;NA;NA
1876;6;16,40;NA;NA
1876;7;17,80;NA;NA
1876;8;17,30;NA;NA
1876;9;12,40;NA;NA
1876;10;11,00;NA;NA
1876;11;2,50;NA;NA
1876;12;3,20;NA;NA
1877;1;3,70;NA;NA
1877;2;3,50;NA;NA
1877;3;2,20;NA;NA
1877;4;6,70;NA;NA
1877;5;10,10;NA;NA
1877;6;18,10;NA;NA
1877;7;16,90;NA;NA
1877;8;17,10;NA;NA
1877;9;10,30;NA;NA
1877;10;7,60;NA;NA
1877;11;6,40;NA;NA
1877;12;1,20;NA;NA
1878;1;0,40;NA;NA
1878;2;3,20;NA;NA
1878;3;3,60;NA;NA
1878;4;9,40;NA;NA
1878;5;13,20;NA;NA
1878;6;15,50;NA;NA
1878;7;16,10;NA;NA
1878;8;17,20;NA;NA
1878;9;14,30;NA;NA
1878;10;9,80;NA;NA
1878;11;3,90;NA;NA
1878;12;-0,10;NA;NA
1879;1;-2,50;NA;NA
1879;2;0,40;NA;NA
1879;3;2,30;NA;NA
1879;4;6,80;NA;NA
1879;5;10,50;NA;NA
1879;6;16,00;NA;NA
1879;7;15,20;NA;NA
1879;8;17,30;NA;NA
1879;9;14,00;NA;NA
1879;10;8,10;NA;NA
1879;11;1,30;NA;NA
1879;12;-7,70;NA;NA
1880;1;-2,80;NA;NA
1880;2;0,80;NA;NA
1880;3;4,30;NA;NA
1880;4;9,10;NA;NA
1880;5;11,70;NA;NA
1880;6;15,60;NA;NA
1880;7;17,80;NA;NA
1880;8;16,70;NA;NA
1880;9;14,30;NA;NA
1880;10;7,80;NA;NA
1880;11;4,00;NA;NA
1880;12;4,60;NA;NA
1881;1;-6,00;NA;-9,10
1881;2;0,60;NA;-1,50
1881;3;2,90;NA;-0,20
1881;4;5,70;NA;1,70
1881;5;12,50;NA;NA
1881;6;15,70;NA;NA
1881;7;19,20;NA;NA
1881;8;15,80;NA;NA
1881;9;12,50;NA;NA
1881;10;5,00;NA;NA
1881;11;6,50;NA;NA
1881;12;1,40;NA;NA
1882;1;0,70;NA;NA
1882;2;2,30;NA;NA
1882;3;6,80;NA;NA
1882;4;8,20;NA;NA
1882;5;12,20;NA;NA
1882;6;14,60;NA;NA
1882;7;17,10;NA;NA
1882;8;14,80;NA;NA
1882;9;13,10;NA;NA
1882;10;9,40;NA;NA
1882;11;4,40;NA;NA
1882;12;1,00;NA;NA
1883;1;0,30;NA;-1,90
1883;2;3,30;NA;1,80
1883;3;-1,30;NA;-4,50
1883;4;6,40;NA;1,90
1883;5;13,40;NA;7,20
1883;6;17,20;NA;9,70
1883;7;17,10;NA;12,60
1883;8;16,50;NA;11,10
1883;9;13,40;NA;9,00
1883;10;9,20;NA;6,10
1883;11;5,10;NA;2,60
1883;12;1,30;NA;-0,80
1884;1;3,50;5,50;1,10
1884;2;3,10;6,50;0,40
1884;3;5,40;9,50;1,50
1884;4;6,40;11,40;1,70
1884;5;13,40;19,40;7,40
1884;6;13,40;18,50;8,60
1884;7;18,30;24,60;12,90
1884;8;17,20;22,90;11,50
1884;9;14,20;20,00;9,50
1884;10;7,80;11,40;5,00
1884;11;1,90;5,10;-0,60
1884;12;2,10;3,90;0,30
1885;1;-3,20;-0,10;-6,10
1885;2;3,60;6,80;0,50
1885;3;2,80;6,40;0,30
1885;4;10,10;15,90;4,30
1885;5;10,30;15,50;5,50
1885;6;16,80;23,70;10,00
1885;7;16,90;22,30;12,50
1885;8;14,40;19,50;9,70
1885;9;12,80;17,30;9,00
1885;10;7,80;10,80;5,30
1885;11;2,30;5,30;-0,40
1885;12;0,10;2,30;-1,70
1886;1;-0,90;1,90;-3,40
1886;2;-3,10;0,30;-4,90
1886;3;0,30;5,20;-4,20
1886;4;9,00;14,40;4,40
1886;5;13,10;19,10;7,10
1886;6;14,50;20,10;10,30
1886;7;17,10;23,20;11,80
1886;8;17,10;22,80;11,80
1886;9;14,90;20,70;9,80
1886;10;9,70;14,00;5,90
1886;11;5,70;8,20;3,40
1886;12;1,40;3,50;-0,20
1887;1;-3,50;-0,50;-6,10
1887;2;0,10;3,80;-2,80
1887;3;1,40;5,10;-2,10
1887;4;7,50;13,00;1,90
1887;5;10,40;14,70;6,10
1887;6;15,60;21,30;9,30
1887;7;18,90;25,00;12,70
1887;8;15,20;20,90;9,40
1887;9;12,20;17,20;7,80
1887;10;5,80;9,10;2,50
1887;11;2,80;5,70;0,00
1887;12;-0,30;1,90;-2,60
1888;1;-0,90;1,10;-3,60
1888;2;-2,40;0,70;-5,30
1888;3;1,20;4,70;-2,00
1888;4;6,40;10,60;3,20
1888;5;12,90;18,30;7,60
1888;6;16,40;22,30;11,40
1888;7;15,40;20,20;11,60
1888;8;15,60;20,30;11,50
1888;9;12,70;18,60;7,10
1888;10;7,30;10,60;4,60
1888;11;3,70;6,40;1,10
1888;12;1,10;3,50;-0,80
1889;1;-1,70;1,20;-4,30
1889;2;-1,90;1,20;-4,40
1889;3;1,10;4,70;-2,00
1889;4;8,00;11,70;4,80
1889;5;17,20;23,40;11,80
1889;6;20,00;26,20;13,70
1889;7;16,80;22,10;12,80
1889;8;16,00;20,80;11,80
1889;9;11,70;16,10;7,60
1889;10;8,60;12,30;5,50
1889;11;2,80;5,50;1,00
1889;12;-0,80;1,10;-2,70
1890;1;2,80;5,50;0,60
1890;2;-2,40;1,10;-5,90
1890;3;5,00;9,60;1,10
1890;4;7,20;12,00;2,90
1890;5;14,60;20,30;8,80
1890;6;14,70;20,00;9,90
1890;7;15,60;20,70;10,70
1890;8;16,60;21,60;12,40
1890;9;13,90;19,10;9,40
1890;10;8,00;11,60;4,90
1890;11;3,40;5,80;0,90
1890;12;-4,70;-2,10;-7,30
1891;1;-3,60;-0,90;-7,10
1891;2;0,30;3,90;-2,50
1891;3;3,50;6,80;0,30
1891;4;5,70;9,30;1,90
1891;5;13,40;19,00;7,90
1891;6;15,20;19,60;10,80
1891;7;16,70;21,60;12,40
1891;8;15,50;20,30;11,10
1891;9;14,20;20,50;9,10
1891;10;10,60;15,60;6,30
1891;11;3,80;6,20;1,10
1891;12;2,70;5,10;0,00
1892;1;-0,50;1,70;-3,30
1892;2;1,20;4,20;-1,40
1892;3;1,20;6,20;-2,90
1892;4;7,80;13,70;2,00
1892;5;13,10;19,20;6,10
1892;6;15,50;21,10;10,10
1892;7;16,20;21,90;10,30
1892;8;18,40;25,30;12,40
1892;9;13,90;19,40;9,00
1892;10;8,00;12,00;4,60
1892;11;3,90;6,70;1,20
1892;12;-0,50;1,40;-2,40
1893;1;-6,60;-3,10;-10,80
1893;2;2,90;5,80;0,30
1893;3;5,50;10,20;1,00
1893;4;9,20;16,60;2,00
1893;5;13,30;18,90;7,80
1893;6;16,30;22,40;9,30
1893;7;18,00;23,40;12,10
1893;8;17,50;23,40;12,10
1893;9;13,00;17,90;8,60
1893;10;10,50;13,90;7,60
1893;11;2,50;4,80;0,00
1893;12;1,40;3,50;-1,00
1894;1;-0,80;1,60;-3,80
1894;2;2,80;5,70;-0,40
1894;3;5,70;10,40;1,30
1894;4;11,10;17,00;4,90
1894;5;12,20;17,60;5,90
1894;6;14,80;19,50;9,80
1894;7;17,80;23,20;12,40
1894;8;15,90;20,20;12,20
1894;9;11,10;16,00;7,40
1894;10;8,60;11,60;5,70
1894;11;5,70;8,10;3,60
1894;12;1,70;3,30;-0,20
1895;1;-3,30;-0,80;-6,30
1895;2;-6,00;-2,40;-9,80
1895;3;1,90;6,30;-1,90
1895;4;9,60;14,70;4,60
1895;5;13,20;19,10;6,80
1895;6;16,40;22,30;10,50
1895;7;17,30;22,60;12,70
1895;8;17,10;23,10;12,10
1895;9;15,30;23,20;9,30
1895;10;7,30;11,60;4,00
1895;11;5,90;8,30;3,10
1895;12;0,70;2,20;-1,00
1896;1;0,30;1,90;-1,40
1896;2;0,70;4,00;-2,00
1896;3;6,60;10,60;2,80
1896;4;7,00;10,60;3,90
1896;5;11,30;16,70;5,40
1896;6;17,20;22,50;12,00
1896;7;17,10;22,50;11,40
1896;8;14,50;19,00;10,60
1896;9;13,40;18,00;9,70
1896;10;9,40;13,10;6,00
1896;11;1,80;4,10;-0,70
1896;12;0,70;2,20;-1,10
1897;1;-2,30;-0,70;-4,10
1897;2;1,40;4,50;-1,90
1897;3;6,10;9,70;3,00
1897;4;8,10;12,80;3,70
1897;5;11,50;16,40;6,30
1897;6;17,40;23,40;11,00
1897;7;16,90;22,00;12,30
1897;8;17,80;23,50;12,90
1897;9;12,60;16,50;9,00
1897;10;7,80;11,70;4,40
1897;11;3,40;6,30;0,50
1897;12;2,60;4,70;0,30
1898;1;3,20;5,30;1,00
1898;2;2,40;4,50;0,40
1898;3;3,90;6,50;1,40
1898;4;7,90;11,50;4,60
1898;5;11,90;16,40;7,50
1898;6;15,50;21,00;10,20
1898;7;14,60;19,20;10,30
1898;8;18,80;25,70;12,90
1898;9;14,10;21,00;8,90
1898;10;9,40;13,20;6,40
1898;11;4,90;8,40;2,00
1898;12;4,50;6,30;2,50
1899;1;3,00;5,40;0,70
1899;2;3,20;7,00;-0,10
1899;3;3,10;7,90;-0,80
1899;4;7,80;12,30;4,20
1899;5;11,70;16,20;7,20
1899;6;15,70;20,90;9,60
1899;7;17,90;23,30;12,70
1899;8;17,40;23,90;11,60
1899;9;12,90;17,40;9,60
1899;10;8,00;14,10;3,30
1899;11;7,80;10,60;5,00
1899;12;-2,10;0,10;-5,50
1900;1;1,90;3,50;0,20
1900;2;1,60;5,40;-1,80
1900;3;1,60;5,40;-1,20
1900;4;7,40;11,90;3,10
1900;5;11,90;17,10;6,50
1900;6;16,70;21,70;12,10
1900;7;19,30;24,90;13,60
1900;8;16,90;22,40;12,20
1900;9;14,30;20,70;9,40
1900;10;9,70;13,80;6,30
1900;11;5,60;8,20;3,40
1900;12;3,90;5,70;2,00
1901;1;-4,70;-1,60;-8,20
1901;2;-3,10;0,10;-6,80
1901;3;3,20;6,60;0,60
1901;4;9,30;14,20;4,40
1901;5;13,90;20,20;7,50
1901;6;16,40;22,10;10,00
1901;7;18,80;25,00;12,90
1901;8;16,70;22,20;11,80
1901;9;14,10;19,30;9,80
1901;10;10,00;14,40;6,40
1901;11;3,50;6,30;0,90
1901;12;1,40;3,50;-0,80
1902;1;3,80;5,80;2,00
1902;2;-0,80;2,50;-3,90
1902;3;4,40;8,40;1,50
1902;4;8,80;13,50;4,20
1902;5;9,30;14,00;5,50
1902;6;16,40;21,90;10,80
1902;7;16,30;21,10;12,00
1902;8;15,10;19,90;10,90
1902;9;12,70;18,00;8,60
1902;10;7,40;11,30;4,70
1902;11;2,40;5,80;-0,90
1902;12;-2,40;0,60;-5,40
1903;1;1,20;3,90;-1,50
1903;2;4,80;7,50;1,80
1903;3;6,90;11,20;2,60
1903;4;5,00;8,90;1,90
1903;5;13,40;18,80;8,00
1903;6;15,30;21,00;10,00
1903;7;16,80;21,80;12,50
1903;8;16,00;20,60;12,40
1903;9;13,80;19,00;9,30
1903;10;10,30;13,90;7,20
1903;11;5,20;7,40;3,30
1903;12;0,20;1,70;-1,30
1904;1;-0,70;1,20;-2,90
1904;2;1,90;4,00;0,10
1904;3;3,60;7,10;0,60
1904;4;9,90;14,20;5,70
1904;5;13,10;18,50;8,30
1904;6;15,60;21,60;10,80
1904;7;19,10;26,10;12,80
1904;8;16,80;23,10;11,10
1904;9;12,10;18,00;7,90
1904;10;8,80;12,20;5,90
1904;11;4,00;6,10;1,90
1904;12;3,50;5,70;1,20
1905;1;-1,00;1,50;-3,60
1905;2;2,20;4,70;0,00
1905;3;5,30;8,60;2,20
1905;4;6,20;10,20;3,00
1905;5;12,80;18,60;7,10
1905;6;17,70;24,10;12,20
1905;7;18,90;24,60;14,40
1905;8;16,80;22,60;12,30
1905;9;12,70;16,60;8,40
1905;10;5,20;7,90;2,90
1905;11;3,40;6,00;0,90
1905;12;1,90;4,10;-0,40
1906;1;2,20;4,50;-0,40
1906;2;1,40;3,50;-0,80
1906;3;3,00;6,90;-0,20
1906;4;8,50;14,60;2,10
1906;5;13,70;19,00;8,40
1906;6;14,90;19,70;10,00
1906;7;16,90;22,90;10,90
1906;8;16,20;22,30;11,70
1906;9;12,30;17,80;7,80
1906;10;10,60;15,70;6,20
1906;11;7,00;9,90;4,00
1906;12;-1,90;0,60;-5,20
1907;1;1,00;3,10;-1,40
1907;2;-0,60;1,70;-3,00
1907;3;3,60;7,60;-0,40
1907;4;6,80;11,60;1,60
1907;5;13,30;19,00;6,70
1907;6;14,80;19,70;9,80
1907;7;14,20;18,80;10,00
1907;8;15,60;20,60;10,90
1907;9;12,90;19,60;7,30
1907;10;11,40;16,50;7,10
1907;11;4,10;8,10;0,90
1907;12;2,20;4,50;-0,40
1908;1;-2,00;1,50;-6,10
1908;2;2,20;4,50;-0,40
1908;3;2,90;6,70;-0,90
1908;4;5,90;9,80;2,00
1908;5;13,60;18,20;8,70
1908;6;17,20;23,20;10,90
1908;7;17,40;22,80;12,10
1908;8;14,80;19,80;10,70
1908;9;12,40;17,90;7,70
1908;10;8,00;15,70;2,00
1908;11;1,70;5,60;-2,00
1908;12;0,70;2,60;-1,40
1909;1;-1,40;2,00;-4,60
1909;2;-2,90;1,50;-7,80
1909;3;2,40;6,60;-1,80
1909;4;8,20;13,50;2,90
1909;5;11,40;17,20;3,90
1909;6;14,30;19,50;8,80
1909;7;15,30;20,00;11,00
1909;8;16,20;22,00;11,20
1909;9;12,80;17,60;9,00
1909;10;10,80;15,40;6,90
1909;11;2,70;5,10;-0,30
1909;12;2,80;5,50;0,10
1910;1;2,70;4,80;0,40
1910;2;4,00;6,50;1,50
1910;3;4,00;9,50;-0,30
1910;4;7,50;12,80;2,40
1910;5;13,20;18,60;6,80
1910;6;16,60;22,60;11,50
1910;7;15,60;20,00;11,30
1910;8;15,80;21,50;10,90
1910;9;12,10;17,20;7,80
1910;10;9,80;14,50;5,20
1910;11;2,80;5,40;0,00
1910;12;3,30;5,80;0,70
1911;1;0,00;2,10;-2,20
1911;2;2,60;5,20;-0,50
1911;3;4,80;9,30;1,00
1911;4;8,20;13,60;2,70
1911;5;14,00;19,30;7,80
1911;6;15,60;20,90;9,60
1911;7;19,80;26,70;12,40
1911;8;19,70;27,10;12,50
1911;9;13,70;21,60;7,60
1911;10;8,90;13,70;4,90
1911;11;5,40;8,10;2,60
1911;12;4,10;6,20;1,70
1912;1;-0,60;2,50;-3,50
1912;2;3,10;7,80;-1,20
1912;3;7,00;10,60;3,30
1912;4;7,60;12,60;1,80
1912;5;12,10;17,70;6,60
1912;6;16,00;21,10;11,10
1912;7;18,20;24,40;11,80
1912;8;14,40;19,10;11,00
1912;9;9,50;13,60;5,80
1912;10;6,50;12,10;2,30
1912;11;3,50;5,60;1,30
1912;12;4,10;6,70;1,10
1913;1;0,60;2,80;-1,60
1913;2;2,20;6,70;-1,90
1913;3;6,90;11,40;2,50
1913;4;8,40;13,90;2,80
1913;5;12,60;18,10;7,40
1913;6;15,10;20,10;10,40
1913;7;14,60;19,90;10,30
1913;8;14,70;20,00;9,90
1913;9;12,30;18,60;7,00
1913;10;10,00;15,70;5,60
1913;11;7,60;9,90;5,00
1913;12;2,80;4,40;1,00
1914;1;-2,80;0,30;-6,00
1914;2;4,10;8,30;0,50
1914;3;5,60;9,30;2,40
1914;4;10,40;16,10;3,90
1914;5;11,20;15,80;6,50
1914;6;15,10;20,30;10,00
1914;7;17,70;23,30;12,70
1914;8;17,40;24,00;12,00
1914;9;12,40;19,00;7,40
1914;10;9,20;12,20;6,60
1914;11;4,40;6,40;2,30
1914;12;4,90;7,20;2,60
1915;1;1,00;3,20;-1,70
1915;2;2,00;5,40;-1,00
1915;3;2,80;6,20;0,00
1915;4;7,40;12,70;2,30
1915;5;13,90;20,40;6,50
1915;6;17,90;25,30;9,70
1915;7;16,40;21,90;11,40
1915;8;15,50;20,80;11,40
1915;9;11,80;18,00;6,70
1915;10;7,10;9,90;4,70
1915;11;2,00;4,90;-1,10
1915;12;4,70;7,20;1,90
1916;1;4,30;6,80;2,00
1916;2;1,80;5,40;-1,40
1916;3;4,30;8,40;1,30
1916;4;8,50;14,20;3,20
1916;5;13,70;19,50;7,70
1916;6;13,20;18,00;8,50
1916;7;15,90;20,40;11,70
1916;8;15,90;21,10;12,00
1916;9;12,00;17,70;7,50
1916;10;9,10;13,00;5,80
1916;11;5,50;8,30;2,60
1916;12;2,70;4,80;0,30
1917;1;-2,30;0,50;-5,10
1917;2;-4,60;-0,40;-8,50
1917;3;0,50;3,90;-2,40
1917;4;4,90;9,60;1,20
1917;5;15,80;22,30;7,80
1917;6;19,40;26,60;11,00
1917;7;17,70;23,70;11,30
1917;8;16,80;22,20;12,60
1917;9;14,50;21,60;8,80
1917;10;7,50;11,90;3,90
1917;11;6,00;8,70;3,50
1917;12;-1,40;1,50;-4,20
1918;1;1,90;4,90;-1,40
1918;2;2,90;6,00;-0,20
1918;3;4,70;10,40;0,40
1918;4;9,80;14,80;5,40
1918;5;14,50;20,60;7,70
1918;6;13,30;18,80;7,50
1918;7;16,70;22,50;12,00
1918;8;15,90;22,10;10,90
1918;9;13,20;18,30;9,30
1918;10;8,50;12,90;4,90
1918;11;3,80;6,70;1,00
1918;12;5,00;7,00;2,40
1919;1;0,90;3,80;-1,30
1919;2;1,00;4,00;-1,90
1919;3;3,80;7,80;0,50
1919;4;6,00;11,00;1,80
1919;5;12,20;18,20;4,40
1919;6;15,20;21,20;9,30
1919;7;14,40;19,10;9,70
1919;8;16,00;22,10;9,70
1919;9;14,40;21,20;7,70
1919;10;6,50;10,00;3,00
1919;11;1,20;3,40;-1,90
1919;12;1,60;3,60;-1,00
1920;1;3,30;5,40;0,50
1920;2;3,80;8,50;-0,10
1920;3;7,30;12,20;2,20
1920;4;10,50;14,40;6,30
1920;5;14,30;19,80;7,90
1920;6;15,50;20,60;8,60
1920;7;18,20;23,50;12,30
1920;8;15,50;20,20;11,20
1920;9;13,50;17,10;9,60
1920;10;7,00;13,00;1,70
1920;11;1,20;5,70;-2,80
1920;12;1,30;3,20;-0,90
1921;1;5,20;7,50;2,40
1921;2;2,20;5,40;-0,50
1921;3;6,20;12,50;0,50
1921;4;8,00;14,10;2,20
1921;5;14,00;20,00;7,20
1921;6;14,20;19,70;8,80
1921;7;17,90;24,70;11,00
1921;8;16,90;23,90;10,30
1921;9;12,70;19,60;6,30
1921;10;10,90;17,30;5,50
1921;11;-0,20;3,10;-3,00
1921;12;0,90;3,50;-2,30
1922;1;-2,20;0,70;-6,00
1922;2;-1,90;2,60;-6,90
1922;3;3,80;7,80;0,20
1922;4;5,90;10,00;1,90
1922;5;13,50;20,10;6,70
1922;6;15,80;21,60;9,70
1922;7;15,80;20,80;10,80
1922;8;14,90;20,60;10,10
1922;9;11,50;16,00;7,10
1922;10;4,60;8,90;1,10
1922;11;3,20;5,70;0,10
1922;12;3,00;5,20;0,50
1923;1;2,60;4,40;0,30
1923;2;1,40;4,90;-1,60
1923;3;5,90;10,30;1,70
1923;4;7,10;12,00;1,80
1923;5;11,80;16,60;6,80
1923;6;11,40;14,80;7,90
1923;7;18,60;24,40;12,00
1923;8;15,20;21,10;10,00
1923;9;12,70;18,30;8,00
1923;10;10,40;14,00;6,90
1923;11;3,30;6,00;0,50
1923;12;-1,40;0,80;-4,80
1924;1;-2,80;0,80;-7,90
1924;2;-2,20;1,10;-5,60
1924;3;2,60;7,30;-1,00
1924;4;6,60;11,60;2,40
1924;5;14,00;20,20;8,70
1924;6;15,50;21,80;9,10
1924;7;16,60;22,90;11,40
1924;8;14,60;19,80;10,50
1924;9;13,80;18,40;9,50
1924;10;9,50;14,30;5,50
1924;11;2,50;6,90;-0,90
1924;12;2,20;5,00;-0,50
1925;1;3,10;5,40;0,80
1925;2;4,70;7,80;2,00
1925;3;1,80;5,70;-1,50
1925;4;8,80;15,30;3,60
1925;5;14,20;21,90;7,50
1925;6;15,20;22,00;9,00
1925;7;18,10;24,70;12,30
1925;8;16,50;22,50;12,70
1925;9;10,90;16,10;7,60
1925;10;8,00;13,50;4,40
1925;11;2,80;5,20;0,20
1925;12;-0,10;3,30;-4,00
1926;1;0,40;3,10;-2,20
1926;2;5,30;7,20;2,90
1926;3;4,60;8,10;0,60
1926;4;10,60;16,50;4,10
1926;5;11,20;14,80;6,30
1926;6;14,60;18,70;10,00
1926;7;17,90;22,40;13,30
1926;8;16,40;20,80;12,00
1926;9;14,30;19,60;10,00
1926;10;8,00;11,20;4,80
1926;11;7,00;9,20;4,00
1926;12;1,20;2,90;-1,10
1927;1;2,67;4,41;0,30
1927;2;2,10;5,00;-1,20
1927;3;6,80;11,20;2,90
1927;4;7,60;11,80;3,80
1927;5;11,10;16,60;4,80
1927;6;14,00;19,40;8,50
1927;7;17,20;22,78;12,32
1927;8;16,96;21,60;11,65
1927;9;13,81;18,21;9,51
1927;10;8,96;12,64;4,68
1927;11;2,68;4,54;0,38
1927;12;-2,02;0,66;-5,44
1928;1;2,35;4,90;-0,42
1928;2;3,09;6,11;-0,62
1928;3;3,52;8,83;-1,49
1928;4;7,79;12,10;3,06
1928;5;10,54;15,39;4,92
1928;6;14,34;19,92;7,95
1928;7;18,58;24,72;11,76
1928;8;15,98;21,09;11,02
1928;9;11,78;17,74;5,53
1928;10;9,12;13,17;4,91
1928;11;6,69;9,09;3,62
1928;12;0,46;2,25;-1,62
1929;1;-4,35;-1,18;-7,85
1929;2;-9,87;-4,71;-15,26
1929;3;3,24;8,20;-1,65
1929;4;5,12;9,74;0,24
1929;5;13,80;19,57;6,42
1929;6;15,01;19,85;8,93
1929;7;17,20;23,12;11,38
1929;8;17,35;23,66;10,61
1929;9;15,21;21,83;7,74
1929;10;9,77;13,41;5,90
1929;11;5,36;8,49;2,30
1929;12;4,66;7,23;2,31
1930;1;3,39;6,06;0,79
1930;2;1,00;3,94;-2,07
1930;3;5,20;10,20;0,84
1930;4;8,88;12,79;4,99
1930;5;12,35;16,95;7,70
1930;6;18,84;24,24;13,18
1930;7;16,84;21,71;12,97
1930;8;16,25;21,64;10,78
1930;9;13,53;17,24;9,92
1930;10;8,84;13,02;5,65
1930;11;6,54;9,38;3,77
1930;12;1,25;3,12;-0,83
1931;1;1,00;3,42;-1,08
1931;2;-0,13;2,45;-2,74
1931;3;1,36;6,30;-3,20
1931;4;6,34;11,12;1,43
1931;5;16,02;21,53;9,49
1931;6;16,30;21,12;10,92
1931;7;17,20;21,79;12,73
1931;8;16,06;20,64;11,82
1931;9;10,65;14,55;6,96
1931;10;7,92;12,26;3,61
1931;11;6,01;8,41;2,99
1931;12;NA;2,97;-2,12
1932;1;2,83;5,41;-0,64
1932;2;-0,95;2,26;-5,13
1932;3;1,35;5,48;-2,99
1932;4;7,72;11,90;3,48
1932;5;13,03;17,58;7,78
1932;6;15,26;20,06;8,97
1932;7;NA;23,03;13,16
1932;8;NA;NA;NA
1932;9;15,08;19,30;10,87
1932;10;NA;11,99;5,58
1932;11;NA;NA;NA
1932;12;NA;NA;NA
1933;1;-1,84;0,84;-4,92
1933;2;0,78;3,62;-3,12
1933;3;5,70;11,42;0,02
1933;4;7,69;12,08;2,12
1933;5;12,20;17,04;7,11
1933;6;14,89;19,55;9,28
1933;7;18,50;23,38;13,21
1933;8;17,04;22,73;11,43
1933;9;13,36;18,67;8,09
1933;10;9,31;13,02;5,18
1933;11;2,89;5,00;0,41
1933;12;-3,96;-1,58;-7,26
1934;1;1,10;3,20;-1,50
1934;2;2,40;4,70;-0,80
1934;3;4,90;8,50;1,60
1934;4;11,30;17,40;4,50
1934;5;13,70;19,60;7,00
1934;6;16,90;23,10;10,20
1934;7;18,50;23,70;12,10
1934;8;16,80;22,00;11,70
1934;9;15,80;22,00;9,90
1934;10;10,40;13,60;7,20
1934;11;4,90;6,90;2,20
1934;12;6,10;7,70;3,70
1935;1;0,53;2,14;-1,75
1935;2;3,20;5,77;-0,28
1935;3;3,84;7,97;-0,41
1935;4;8,26;12,01;4,26
1935;5;10,92;15,89;4,57
1935;6;17,60;23,10;11,40
1935;7;18,00;23,10;12,40
1935;8;16,50;22,20;10,40
1935;9;13,90;18,50;9,10
1935;10;8,60;12,40;4,70
1935;11;6,30;8,80;3,20
1935;12;1,40;3,10;-1,20
1936;1;4,39;6,42;1,82
1936;2;1,32;3,95;-1,61
1936;3;5,79;10,23;1,22
1936;4;6,33;10,46;2,56
1936;5;13,29;17,95;8,30
1936;6;17,04;22,09;10,70
1936;7;17,27;22,03;12,87
1936;8;16,83;21,75;11,77
1936;9;13,65;17,98;9,23
1936;10;7,15;9,94;3,95
1936;11;4,51;6,49;2,47
1936;12;2,49;4,43;0,07
1937;1;0,01;2,52;-2,55
1937;2;3,23;5,45;0,88
1937;3;3,81;6,56;1,24
1937;4;9,01;12,91;5,27
1937;5;15,26;20,87;8,83
1937;6;16,74;21,77;11,48
1937;7;17,49;21,91;13,05
1937;8;17,03;21,90;12,82
1937;9;13,55;18,63;9,09
1937;10;9,88;14,27;5,94
1937;11;4,28;6,29;1,78
1937;12;0,55;2,30;-1,92
1938;1;2,86;4,66;0,65
1938;2;1,80;4,84;-1,22
1938;3;7,88;12,57;3,35
1938;4;5,50;9,42;1,59
1938;5;11,36;16,76;5,48
1938;6;16,66;21,53;10,85
1938;7;17,05;22,07;12,34
1938;8;18,60;23,25;13,83
1938;9;13,93;19,35;8,93
1938;10;9,05;12,34;6,14
1938;11;8,17;10,60;5,53
1938;12;-1,60;0,70;-4,38
1939;1;4,10;5,73;2,00
1939;2;2,50;5,49;-0,42
1939;3;2,97;6,46;-0,37
1939;4;9,17;13,85;4,44
1939;5;10,96;15,07;6,59
1939;6;16,86;22,64;10,27
1939;7;17,85;22,85;12,70
1939;8;17,94;23,17;13,07
1939;9;13,69;17,76;10,43
1939;10;6,64;9,58;3,35
1939;11;6,15;8,89;3,11
1939;12;-0,72;1,31;-3,20
1940;1;-10,94;-6,59;-15,79
1940;2;-3,95;-0,19;-8,25
1940;3;3,80;7,39;0,18
1940;4;8,75;13,56;4,24
1940;5;12,94;17,75;7,69
1940;6;17,50;23,10;10,63
1940;7;16,77;21,38;12,61
1940;8;14,87;19,38;10,72
1940;9;12,32;16,37;8,90
1940;10;7,35;10,98;3,97
1940;11;6,16;9,04;3,53
1940;12;-2,05;-0,10;-4,44
1941;1;-4,74;-2,71;-7,05
1941;2;0,70;3,50;-2,46
1941;3;3,79;8,11;0,33
1941;4;6,34;10,07;2,41
1941;5;10,14;14,54;5,10
1941;6;17,18;22,91;10,83
1941;7;19,35;24,55;13,59
1941;8;15,42;19,66;11,73
1941;9;12,45;17,74;7,81
1941;10;8,43;11,63;5,34
1941;11;2,70;5,20;0,25
1941;12;2,27;4,41;-0,66
1942;1;-7,89;-4,66;-11,23
1942;2;-5,40;-2,52;-8,84
1942;3;2,06;6,45;-2,29
1942;4;8,48;13,11;3,72
1942;5;12,90;17,88;7,77
1942;6;14,74;20,08;8,83
1942;7;16,17;20,89;11,54
1942;8;18,02;24,17;12,42
1942;9;15,54;20,28;11,13
1942;10;11,42;14,93;8,05
1942;11;4,64;6,54;2,51
1942;12;2,95;5,50;0,25
1943;1;0,98;3,14;-1,67
1943;2;3,69;7,31;0,77
1943;3;6,16;11,51;1,29
1943;4;10,29;15,32;5,38
1943;5;13,47;18,93;6,88
1943;6;14,40;19,40;9,30
1943;7;17,50;23,60;11,40
1943;8;17,90;23,90;12,50
1943;9;13,70;19,20;8,80
1943;10;9,30;15,80;3,30
1943;11;3,20;6,30;0,30
1943;12;0,70;2,60;-1,30
1944;1;4,10;6,20;2,00
1944;2;-1,10;1,80;-3,50
1944;3;1,40;4,70;-1,20
1944;4;9,40;15,20;4,90
1944;5;12,40;18,50;6,80
1944;6;14,20;19,50;10,20
1944;7;17,50;22,60;13,30
1944;8;19,30;26,30;12,90
1944;9;12,90;18,20;7,30
1944;10;9,10;12,20;6,10
1944;11;5,00;6,90;2,50
1944;12;0,00;2,50;-2,30
1945;1;-2,60;NA;NA
1945;2;5,10;7,40;2,20
1945;3;7,00;NA;NA
1945;4;9,50;NA;NA
1945;5;14,30;NA;NA
1945;6;16,30;NA;NA
1945;7;17,90;NA;NA
1945;8;16,30;NA;NA
1945;9;13,90;NA;NA
1945;10;9,40;NA;NA
1945;11;4,10;NA;NA
1945;12;1,30;NA;NA
1946;1;-0,70;2,27;-3,67
1946;2;3,53;5,71;1,40
1946;3;4,45;7,80;1,35
1946;4;9,79;17,19;1,88
1946;5;13,74;20,02;7,11
1946;6;14,56;19,77;9,37
1946;7;18,20;23,61;11,86
1946;8;15,95;22,02;10,98
1946;9;13,92;19,91;8,85
1946;10;7,56;11,37;4,29
1946;11;4,87;6,77;2,24
1946;12;-2,09;0,31;-4,96
1947;1;-4,41;-1,65;-7,65
1947;2;-8,59;-4,75;-13,24
1947;3;2,76;7,29;-1,61
1947;4;9,48;15,38;4,02
1947;5;14,57;20,37;7,41
1947;6;17,50;23,85;10,30
1947;7;18,36;25,35;10,81
1947;8;18,35;25,94;9,42
1947;9;16,15;23,96;9,26
1947;10;7,06;14,65;0,55
1947;11;5,73;8,22;2,99
1947;12;2,11;4,28;-0,55
1948;1;4,00;6,53;1,32
1948;2;0,22;3,93;-3,15
1948;3;5,65;11,42;1,16
1948;4;10,47;16,11;4,34
1948;5;13,93;19,31;6,93
1948;6;16,13;21,93;9,09
1948;7;16,26;21,34;10,66
1948;8;16,07;21,84;11,60
1948;9;13,62;19,44;8,88
1948;10;8,50;13,70;3,62
1948;11;4,35;7,77;1,24
1948;12;1,66;4,51;-1,35
1949;1;1,86;4,55;-0,75
1949;2;1,80;6,49;-1,87
1949;3;1,51;7,41;-3,74
1949;4;10,27;16,31;4,54
1949;5;12,53;17,94;6,37
1949;6;14,19;18,82;8,13
1949;7;17,30;23,41;9,37
1949;8;16,62;23,57;9,79
1949;9;16,25;23,27;9,65
1949;10;10,69;16,65;4,92
1949;11;3,73;7,23;0,39
1949;12;3,37;5,50;0,98
1950;1;-0,41;2,40;-3,28
1950;2;3,51;7,01;0,25
1950;3;4,64;9,54;0,34
1950;4;7,11;11,47;3,03
1950;5;13,89;19,50;7,90
1950;6;17,42;23,64;10,39
1950;7;17,60;22,92;11,48
1950;8;16,93;23,47;10,37
1950;9;13,32;17,25;9,44
1950;10;7,80;12,24;3,68
1950;11;5,03;7,17;2,38
1950;12;-2,06;0,19;-4,91
1951;1;2,76;4,29;0,35
1951;2;2,49;5,20;-0,24
1951;3;2,97;6,65;-0,54
1951;4;7,19;12,77;1,46
1951;5;11,75;17,24;5,02
1951;6;15,24;20,44;9,56
1951;7;17,33;22,95;11,15
1951;8;17,00;23,03;11,76
1951;9;14,41;20,38;8,76
1951;10;6,58;13,47;-0,07
1951;11;7,19;9,60;3,90
1951;12;2,91;5,36;0,29
1952;1;0,87;2,69;-1,44
1952;2;0,33;2,78;-2,59
1952;3;3,16;6,86;-0,26
1952;4;10,19;16,87;3,46
1952;5;12,54;17,98;6,41
1952;6;15,05;20,93;9,02
1952;7;17,85;23,82;11,41
1952;8;17,58;24,00;11,30
1952;9;10,48;14,78;6,46
1952;10;7,57;10,90;4,14
1952;11;2,16;4,15;-0,36
1952;12;-0,09;2,06;-3,25
1953;1;0,22;1,75;-2,07
1953;2;0,51;3,49;-2,40
1953;3;4,91;11,94;-1,00
1953;4;9,41;15,40;2,43
1953;5;13,25;19,10;6,92
1953;6;16,26;21,71;10,83
1953;7;17,14;22,67;11,87
1953;8;16,11;22,40;10,25
1953;9;12,87;19,45;7,07
1953;10;10,12;15,31;5,90
1953;11;5,72;8,65;2,47
1953;12;3,54;5,85;1,01
1954;1;-2,81;0,31;-6,23
1954;2;-2,41;1,02;-6,42
1954;3;4,47;9,42;0,46
1954;4;6,23;11,32;0,73
1954;5;12,42;18,61;5,11
1954;6;15,91;21,68;9,06
1954;7;14,30;18,23;10,39
1954;8;15,89;21,05;11,34
1954;9;13,77;18,56;9,69
1954;10;10,66;14,60;6,85
1954;11;4,73;8,21;1,11
1954;12;4,03;6,12;1,51
1955;1;-1,67;0,95;-4,61
1955;2;-2,41;1,71;-6,83
1955;3;0,45;5,04;-4,47
1955;4;7,44;11,97;2,19
1955;5;10,25;15,50;4,27
1955;6;14,87;20,24;8,36
1955;7;17,21;22,13;12,61
1955;8;16,50;22,19;11,41
1955;9;13,12;18,78;8,30
1955;10;8,45;12,78;4,42
1955;11;4,46;7,69;0,90
1955;12;3,26;5,66;0,24
1956;1;0,54;2,87;-2,13
1956;2;-10,48;-5,56;-17,19
1956;3;3,65;8,21;-0,91
1956;4;5,72;10,49;0,96
1956;5;12,86;18,93;5,65
1956;6;13,46;17,80;9,41
1956;7;17,19;22,13;12,30
1956;8;14,00;19,17;9,66
1956;9;13,20;19,06;7,40
1956;10;8,46;12,49;4,95
1956;11;3,61;5,93;0,81
1956;12;3,22;5,25;0,69
1957;1;1,11;3,51;-2,04
1957;2;4,54;7,17;1,97
1957;3;7,11;11,64;3,05
1957;4;7,95;13,72;1,89
1957;5;9,77;15,45;3,06
1957;6;16,83;23,03;8,90
1957;7;17,77;22,91;12,64
1957;8;14,97;20,15;10,10
1957;9;12,01;16,68;8,04
1957;10;9,95;14,02;6,13
1957;11;5,14;7,66;2,77
1957;12;0,64;2,92;-2,69
1958;1;0,31;2,92;-2,61
1958;2;2,77;5,89;-0,29
1958;3;0,07;3,52;-3,48
1958;4;5,70;10,28;1,03
1958;5;13,33;18,01;8,36
1958;6;14,61;19,67;9,30
1958;7;16,75;22,01;12,15
1958;8;17,14;22,82;12,38
1958;9;14,44;20,21;9,35
1958;10;10,29;13,91;6,94
1958;11;4,75;6,54;2,89
1958;12;3,30;5,18;0,65
1959;1;0,48;3,58;-3,49
1959;2;0,41;5,43;-3,59
1959;3;6,78;12,48;1,81
1959;4;9,93;15,95;3,87
1959;5;12,72;18,57;5,67
1959;6;16,47;22,87;8,60
1959;7;19,55;26,45;11,99
1959;8;17,56;23,89;11,47
1959;9;12,06;21,93;3,31
1959;10;8,01;16,31;1,04
1959;11;3,72;6,94;0,52
1959;12;2,89;5,08;0,37
1960;1;0,52;2,95;-2,77
1960;2;1,31;4,36;-2,46
1960;3;4,80;8,71;1,26
1960;4;8,05;13,30;2,95
1960;5;12,67;18,64;6,35
1960;6;16,31;21,82;9,53
1960;7;15,52;20,82;10,09
1960;8;15,61;20,66;11,35
1960;9;12,70;17,89;8,17
1960;10;9,80;13,30;6,17
1960;11;6,92;9,45;4,12
1960;12;1,36;3,20;-0,96
1961;1;-0,29;1,87;-2,95
1961;2;5,47;9,19;2,06
1961;3;6,57;11,55;1,92
1961;4;10,86;15,15;6,46
1961;5;10,19;14,52;6,04
1961;6;16,18;21,94;9,80
1961;7;15,17;19,36;10,58
1961;8;15,75;21,08;10,81
1961;9;16,74;22,76;10,96
1961;10;10,58;15,64;6,10
1961;11;4,51;7,14;1,51
1961;12;-0,40;2,95;-3,84
1962;1;2,65;5,27;-0,02
1962;2;1,36;3,83;-1,41
1962;3;0,33;4,38;-3,78
1962;4;8,85;13,72;4,27
1962;5;9,90;14,26;5,40
1962;6;14,22;19,88;6,83
1962;7;14,95;19,36;10,44
1962;8;15,10;20,42;10,28
1962;9;12,08;18,28;6,08
1962;10;8,65;14,27;3,97
1962;11;2,57;6,04;-0,66
1962;12;-3,46;0,21;-6,61
1963;1;-8,54;-5,03;-13,01
1963;2;-6,70;-1,90;-12,81
1963;3;2,63;7,81;-1,58
1963;4;9,20;14,28;3,44
1963;5;12,40;17,34;6,61
1963;6;15,92;21,65;9,17
1963;7;17,25;23,43;10,91
1963;8;15,93;21,26;11,20
1963;9;13,58;19,20;8,67
1963;10;7,90;12,78;4,04
1963;11;7,80;10,88;4,64
1963;12;-3,16;-0,20;-6,50
1964;1;-2,56;0,72;-5,43
1964;2;0,84;4,56;-2,86
1964;3;1,16;4,93;-2,25
1964;4;8,76;13,68;3,88
1964;5;13,96;19,81;7,05
1964;6;17,80;24,07;9,97
1964;7;17,80;24,10;10,45
1964;8;15,98;21,86;10,28
1964;9;13,16;19,92;7,08
1964;10;7,15;11,65;2,70
1964;11;5,49;7,70;3,26
1964;12;1,53;3,38;-1,42
1965;1;2,23;4,01;0,30
1965;2;-0,72;1,62;-4,40
1965;3;2,25;7,01;-2,15
1965;4;7,45;12,22;2,71
1965;5;11,93;16,82;6,78
1965;6;15,78;20,85;9,94
1965;7;15,04;19,05;11,55
1965;8;14,37;20,67;8,75
1965;9;12,28;18,21;6,86
1965;10;8,18;14,47;3,50
1965;11;1,32;4,07;-1,66
1965;12;3,46;5,15;1,45
1966;1;-1,92;0,33;-4,63
1966;2;3,89;7,34;0,81
1966;3;4,16;7,64;0,98
1966;4;9,29;13,95;5,21
1966;5;13,31;19,03;7,12
1966;6;16,80;22,73;10,83
1966;7;15,55;20,44;10,98
1966;8;15,69;21,09;10,37
1966;9;12,79;18,25;7,90
1966;10;11,62;15,50;8,52
1966;11;2,66;5,01;0,42
1966;12;2,80;4,93;0,88
1967;1;2,31;4,41;-0,35
1967;2;3,84;7,26;0,86
1967;3;6,09;9,92;2,93
1967;4;6,90;11,94;2,09
1967;5;12,74;18,40;6,98
1967;6;14,97;20,25;9,81
1967;7;18,41;24,88;11,69
1967;8;16,29;21,91;11,45
1967;9;13,91;18,85;9,81
1967;10;11,71;15,76;8,38
1967;11;4,13;6,75;1,12
1967;12;0,95;2,82;-1,51
1968;1;-0,62;2,16;-3,41
1968;2;0,94;3,67;-1,32
1968;3;5,13;9,23;1,21
1968;4;9,86;15,72;3,87
1968;5;11,46;16,45;5,97
1968;6;16,30;21,85;10,87
1968;7;16,44;21,86;10,76
1968;8;16,86;22,49;11,96
1968;9;13,89;18,67;10,47
1968;10;11,00;14,49;7,48
1968;11;4,19;6,48;1,97
1968;12;-1,48;0,58;-4,15
1969;1;2,39;4,24;-0,05
1969;2;-1,52;1,10;-4,50
1969;3;0,53;3,52;-2,57
1969;4;7,75;12,68;2,71
1969;5;13,55;18,63;8,36
1969;6;15,45;20,67;9,99
1969;7;19,04;24,62;13,63
1969;8;17,05;22,37;12,25
1969;9;13,37;19,34;7,94
1969;10;10,75;16,19;6,37
1969;11;5,65;8,59;2,53
1969;12;-4,25;-1,96;-7,22
1970;1;-1,95;0,49;-4,77
1970;2;-0,57;2,20;-3,25
1970;3;1,98;5,69;-1,70
1970;4;6,04;9,59;2,89
1970;5;12,49;16,83;7,54
1970;6;17,65;23,79;10,73
1970;7;16,24;21,02;11,45
1970;8;16,96;22,85;12,10
1970;9;13,45;18,90;8,66
1970;10;9,60;12,73;6,62
1970;11;6,66;9,25;3,85
1970;12;1,47;3,20;-0,48
1971;1;0,27;3,29;-3,00
1971;2;2,47;4,85;0,22
1971;3;1,84;5,29;-1,73
1971;4;8,91;14,79;3,17
1971;5;14,78;20,35;9,07
1971;6;14,43;19,02;10,21
1971;7;18,01;24,18;10,95
1971;8;18,16;24,19;12,88
1971;9;12,18;18,16;7,30
1971;10;9,24;15,03;4,85
1971;11;4,25;6,62;2,12
1971;12;4,46;6,28;2,39
1972;1;-1,66;0,38;-3,64
1972;2;3,37;6,62;0,20
1972;3;5,95;11,23;1,09
1972;4;7,82;11,91;3,96
1972;5;11,83;16,95;7,64
1972;6;14,54;19,57;9,40
1972;7;17,73;22,99;12,92
1972;8;15,50;20,68;11,14
1972;9;10,78;15,98;6,86
1972;10;6,91;12,46;2,58
1972;11;4,84;7,08;2,62
1972;12;1,62;4,50;-1,01
1973;1;1,16;2,92;-0,87
1973;2;1,71;3,90;-0,31
1973;3;4,79;8,92;1,04
1973;4;5,58;9,79;1,71
1973;5;12,82;18,21;7,51
1973;6;16,61;21,96;10,44
1973;7;17,41;22,49;12,78
1973;8;18,15;25,09;11,56
1973;9;14,84;20,50;10,13
1973;10;7,82;12,15;4,25
1973;11;4,02;7,05;1,55
1973;12;0,95;2,96;-1,41
1974;1;4,75;6,83;2,35
1974;2;3,85;6,51;1,39
1974;3;6,51;10,61;2,42
1974;4;8,58;14,61;2,67
1974;5;11,25;16,18;6,34
1974;6;14,24;19,65;9,45
1974;7;15,46;20,02;11,69
1974;8;16,98;23,01;11,77
1974;9;13,41;18,88;9,24
1974;10;6,17;8,69;4,25
1974;11;6,08;8,30;4,08
1974;12;5,85;7,62;3,74
1975;1;5,88;7,92;3,67
1975;2;1,69;6,19;-1,80
1975;3;4,68;8,66;1,35
1975;4;7,73;11,96;3,86
1975;5;11,91;17,21;7,03
1975;6;15,12;20,33;10,15
1975;7;18,98;24,57;13,37
1975;8;19,47;26,30;13,32
1975;9;15,60;21,75;10,77
1975;10;7,90;11,86;4,95
1975;11;3,87;6,67;1,05
1975;12;2,27;3,91;0,38
1976;1;1,77;4,45;-0,69
1976;2;1,43;4,47;-1,19
1976;3;2,09;5,92;-1,43
1976;4;7,39;12,93;1,91
1976;5;13,43;19,56;7,02
1976;6;17,48;23,61;10,72
1976;7;19,96;26,22;13,27
1976;8;16,51;23,21;10,09
1976;9;13,32;17,97;9,49
1976;10;9,81;14,11;6,62
1976;11;5,71;7,80;3,27
1976;12;0,22;2,19;-1,75
1977;1;1,70;3,56;-0,23
1977;2;3,94;7,22;1,28
1977;3;6,84;10,87;3,44
1977;4;6,41;10,41;2,63
1977;5;12,10;17,64;6,18
1977;6;15,73;20,23;11,69
1977;7;16,71;21,94;11,75
1977;8;16,16;21,21;12,20
1977;9;12,16;17,31;8,30
1977;10;10,55;15,96;6,66
1977;11;5,92;8,17;3,71
1977;12;2,89;4,98;0,95
1978;1;1,70;3,60;-0,05
1978;2;-0,36;2,48;-3,23
1978;3;6,11;9,85;3,03
1978;4;7,47;12,52;2,51
1978;5;12,03;17,13;7,25
1978;6;15,06;20,37;10,51
1978;7;15,46;20,75;11,06
1978;8;15,37;20,43;11,63
1978;9;12,42;16,54;9,51
1978;10;9,76;14,13;6,65
1978;11;4,72;7,03;2,53
1978;12;0,83;3,49;-1,57
1979;1;-3,86;-1,78;-6,28
1979;2;-1,99;1,30;-5,09
1979;3;4,11;7,15;1,52
1979;4;7,25;11,49;3,25
1979;5;12,84;18,36;7,33
1979;6;16,81;22,03;12,24
1979;7;15,72;20,22;11,57
1979;8;15,39;21,21;11,05
1979;9;13,54;19,42;9,15
1979;10;9,32;15,08;4,67
1979;11;4,14;6,79;1,76
1979;12;4,85;6,89;2,78
1980;1;-1,81;0,41;-4,49
1980;2;3,10;6,95;0,16
1980;3;4,09;7,67;1,03
1980;4;6,92;11,80;2,42
1980;5;11,20;17,02;5,16
1980;6;14,97;19,93;10,68
1980;7;15,55;20,06;11,84
1980;8;16,98;22,80;12,07
1980;9;14,39;20,26;10,12
1980;10;8,40;12,21;5,38
1980;11;3,66;5,75;1,77
1980;12;1,77;3,84;-0,43
1981;1;-0,73;1,97;-3,46
1981;2;0,01;2,92;-2,62
1981;3;7,73;11,47;4,51
1981;4;8,16;13,33;3,42
1981;5;13,84;19,47;8,55
1981;6;15,39;20,43;11,18
1981;7;16,57;20,93;12,59
1981;8;16,37;21,47;12,39
1981;9;14,01;19,96;9,47
1981;10;8,36;12,04;5,36
1981;11;5,31;8,10;2,56
1981;12;-1,85;0,22;-4,31
1982;1;-1,76;1,30;-4,35
1982;2;0,80;4,47;-2,55
1982;3;4,64;9,66;0,96
1982;4;7,20;12,57;2,21
1982;5;12,95;18,88;7,06
1982;6;16,70;22,12;11,75
1982;7;19,57;25,51;13,82
1982;8;17,81;24,22;12,67
1982;9;16,25;23,54;11,07
1982;10;10,46;14,30;7,46
1982;11;7,17;10,00;4,62
1982;12;2,75;4,79;0,80
1983;1;4,74;6,93;2,39
1983;2;-1,42;2,12;-4,80
1983;3;5,55;9,04;2,62
1983;4;9,43;14,29;4,92
1983;5;11,57;16,11;7,75
1983;6;16,75;22,34;10,70
1983;7;20,35;26,83;14,00
1983;8;18,53;25,36;12,90
1983;9;14,16;19,42;9,99
1983;10;9,91;13,96;6,08
1983;11;4,10;8,09;1,34
1983;12;1,63;4,05;-1,09
1984;1;1,93;3,72;0,01
1984;2;0,78;3,60;-1,69
1984;3;2,67;7,37;-1,25
1984;4;7,11;12,25;1,94
1984;5;11,26;15,66;7,58
1984;6;14,24;18,77;10,33
1984;7;15,91;20,34;11,60
1984;8;17,36;23,19;12,73
1984;9;12,87;16,65;10,02
1984;10;10,87;14,80;7,75
1984;11;5,86;9,31;3,22
1984;12;2,42;4,11;0,61
1985;1;-4,94;-2,37;-7,70
1985;2;-2,64;1,74;-6,36
1985;3;3,85;7,24;1,28
1985;4;8,33;12,87;4,70
1985;5;14,23;19,44;8,91
1985;6;13,36;17,99;9,78
1985;7;17,12;22,40;12,06
1985;8;16,29;21,95;11,61
1985;9;13,62;18,63;9,86
1985;10;9,07;13,69;5,83
1985;11;1,09;3,74;-1,60
1985;12;4,62;7,13;2,70
1986;1;1,00;3,24;-1,55
1986;2;-6,42;-2,38;-10,22
1986;3;3,98;7,66;0,67
1986;4;6,76;10,56;3,21
1986;5;14,62;20,28;9,16
1986;6;16,30;21,79;10,75
1986;7;17,57;22,89;12,25
1986;8;16,33;21,75;11,71
1986;9;11,03;16,35;7,26
1986;10;10,21;15,30;6,44
1986;11;6,98;10,11;4,01
1986;12;2,96;4,97;0,40
1987;1;-5,96;-2,97;-9,19
1987;2;0,02;2,86;-2,95
1987;3;-1,00;3,54;-5,11
1987;4;9,93;15,27;4,30
1987;5;10,08;14,92;6,03
1987;6;14,20;18,41;10,56
1987;7;17,19;21,86;12,80
1987;8;15,96;20,21;12,38
1987;9;14,81;19,89;10,95
1987;10;9,80;14,04;6,24
1987;11;5,45;7,25;3,74
1987;12;2,76;4,69;0,62
1988;1;4,57;6,84;2,50
1988;2;2,95;5,44;0,87
1988;3;3,49;6,21;1,17
1988;4;8,36;13,77;2,87
1988;5;15,24;20,84;8,99
1988;6;15,39;19,62;11,28
1988;7;17,43;22,65;12,87
1988;8;17,66;23,25;12,25
1988;9;13,68;17,88;10,40
1988;10;10,04;13,68;7,12
1988;11;3,92;6,75;1,23
1988;12;3,92;5,75;1,69
1989;1;3,25;5,76;1,02
1989;2;3,68;6,64;1,13
1989;3;7,48;12,35;3,28
1989;4;7,77;12,04;4,20
1989;5;14,42;20,81;7,48
1989;6;16,06;21,87;9,98
1989;7;18,32;23,67;13,01
1989;8;17,75;23,92;12,33
1989;9;14,98;20,27;11,00
1989;10;11,10;15,65;7,86
1989;11;3,23;7,60;0,06
1989;12;3,44;5,84;0,93
1990;1;3,77;5,73;1,72
1990;2;6,61;10,62;3,10
1990;3;7,65;12,22;3,75
1990;4;7,83;13,34;3,36
1990;5;14,30;20,39;7,57
1990;6;15,98;20,50;12,00
1990;7;17,04;22,22;11,42
1990;8;19,10;25,57;13,34
1990;9;12,10;15,96;9,04
1990;10;10,58;16,10;6,29
1990;11;5,08;7,51;3,01
1990;12;1,78;3,40;-0,05
1991;1;2,18;4,72;0,08
1991;2;-2,00;1,40;-5,20
1991;3;7,42;12,14;3,71
1991;4;7,56;13,03;2,48
1991;5;10,14;14,83;5,32
1991;6;13,90;18,24;9,79
1991;7;19,53;25,18;13,63
1991;8;18,16;24,10;13,06
1991;9;15,08;21,04;10,09
1991;10;8,48;13,85;4,27
1991;11;4,44;7,06;1,95
1991;12;1,46;4,14;-1,10
1992;1;1,70;3,94;-0,58
1992;2;3,71;6,57;1,12
1992;3;5,40;9,50;1,53
1992;4;8,54;13,06;4,00
1992;5;14,94;20,77;8,46
1992;6;17,59;23,12;12,03
1992;7;18,84;24,60;13,57
1992;8;19,40;25,41;14,38
1992;9;13,82;19,89;8,83
1992;10;6,76;10,43;3,91
1992;11;6,30;8,86;3,63
1992;12;1,82;4,02;-0,12
1993;1;2,63;5,92;-0,45
1993;2;-1,07;2,28;-4,20
1993;3;4,53;9,24;0,15
1993;4;11,79;17,12;5,92
1993;5;15,16;21,02;9,39
1993;6;16,24;21,00;11,33
1993;7;16,55;21,31;12,07
1993;8;15,66;21,13;10,89
1993;9;12,25;16,75;8,81
1993;10;8,17;12,17;5,24
1993;11;0,69;3,62;-1,59
1993;12;3,80;5,88;1,44
1994;1;3,66;5,88;1,53
1994;2;-0,43;2,84;-3,44
1994;3;6,68;10,29;3,61
1994;4;8,52;13,39;4,09
1994;5;12,60;17,44;7,68
1994;6;15,90;21,18;10,73
1994;7;20,15;27,54;12,80
1994;8;17,37;23,33;11,65
1994;9;13,29;17,72;9,08
1994;10;7,73;12,58;3,68
1994;11;7,24;10,09;4,44
1994;12;4,53;6,78;1,83
1995;1;0,40;2,77;-2,60
1995;2;5,34;8,18;2,09
1995;3;3,30;7,59;-0,46
1995;4;8,77;13,33;4,31
1995;5;11,54;17,35;5,95
1995;6;13,80;19,09;8,42
1995;7;19,24;25,84;12,85
1995;8;17,98;25,17;10,90
1995;9;13,23;17,71;9,51
1995;10;12,10;16,46;8,05
1995;11;3,62;6,32;1,14
1995;12;-1,79;0,48;-4,06
1996;1;-3,08;-0,76;-5,39
1996;2;-1,57;1,59;-5,34
1996;3;1,46;4,95;-1,14
1996;4;8,18;14,35;1,94
1996;5;11,14;15,21;6,68
1996;6;14,70;20,16;8,88
1996;7;15,22;20,69;9,67
1996;8;16,89;22,95;11,41
1996;9;10,97;15,75;6,84
1996;10;9,41;13,71;5,90
1996;11;5,05;7,17;3,07
1996;12;-2,73;-0,10;-5,42
1997;1;-2,90;-0,42;-5,70
1997;2;4,91;8,00;1,96
1997;3;6,25;10,71;2,64
1997;4;6,19;11,85;0,98
1997;5;12,36;18,19;7,00
1997;6;15,16;20,86;8,75
1997;7;16,65;22,32;11,89
1997;8;19,77;26,56;13,30
1997;9;13,51;20,48;7,24
1997;10;7,83;12,57;3,85
1997;11;4,80;6,88;2,41
1997;12;2,64;4,72;0,49
1998;1;2,88;5,88;0,04
1998;2;5,17;8,87;1,66
1998;3;5,62;9,80;1,74
1998;4;9,13;13,62;5,00
1998;5;13,71;19,54;7,35
1998;6;15,89;21,30;10,85
1998;7;15,74;21,01;11,31
1998;8;16,05;22,58;10,04
1998;9;13,68;17,88;9,86
1998;10;8,80;11,60;6,06
1998;11;2,18;4,35;0,19
1998;12;1,51;3,78;-1,36
1999;1;3,82;6,30;1,46
1999;2;0,79;3,73;-2,50
1999;3;6,02;10,04;2,55
1999;4;9,04;14,21;4,57
1999;5;13,73;19,51;7,99
1999;6;14,96;20,75;8,87
1999;7;18,44;24,91;12,43
1999;8;16,49;22,36;10,86
1999;9;16,87;23,66;11,06
1999;10;9,27;13,42;5,37
1999;11;4,14;6,96;1,42
1999;12;3,18;5,19;1,19
2000;1;2,04;4,18;-0,59
2000;2;4,50;7,61;1,75
2000;3;6,00;9,57;2,95
2000;4;10,45;16,04;4,48
2000;5;14,05;20,52;7,48
2000;6;15,98;22,21;9,38
2000;7;14,93;19,62;11,10
2000;8;17,45;23,90;11,85
2000;9;14,45;19,44;10,59
2000;10;10,80;15,01;7,10
2000;11;6,81;9,58;3,81
2000;12;3,58;5,79;1,18
2001;1;1,23;3,87;-1,86
2001;2;2,78;6,21;-0,53
2001;3;4,19;7,48;1,25
2001;4;7,42;12,21;2,58
2001;5;13,57;19,72;6,75
2001;6;13,94;19,34;8,48
2001;7;18,36;24,49;12,18
2001;8;18,98;25,11;12,59
2001;9;12,28;16,02;8,90
2001;10;12,74;17,32;8,48
2001;11;4,76;7,29;2,04
2001;12;0,53;2,65;-2,05
2002;1;1,53;3,86;-1,48
2002;2;5,79;9,12;2,54
2002;3;5,43;9,86;1,26
2002;4;7,78;12,90;2,34
2002;5;13,57;18,35;8,57
2002;6;16,74;22,13;11,13
2002;7;17,26;22,36;12,27
2002;8;18,96;24,85;13,80
2002;9;12,85;18,06;7,55
2002;10;8,39;12,00;4,60
2002;11;6,05;8,70;3,26
2002;12;0,29;2,37;-1,77
2003;1;0,50;2,94;-2,23
2003;2;-1,61;2,64;-5,26
2003;3;5,72;11,19;0,94
2003;4;8,48;14,33;1,95
2003;5;13,95;19,73;7,94
2003;6;18,13;24,95;10,63
2003;7;18,70;25,04;12,21
2003;8;20,33;27,89;11,69
2003;9;13,51;20,62;6,46
2003;10;5,71;10,11;1,23
2003;11;6,98;9,95;3,80
2003;12;2,01;5,06;-1,07
2004;1;1,05;3,25;-1,33
2004;2;3,20;5,79;0,28
2004;3;4,52;8,82;0,28
2004;4;9,14;14,65;2,77
2004;5;11,04;15,91;5,08
2004;6;14,86;20,39;9,03
2004;7;16,06;21,94;10,06
2004;8;18,50;24,76;12,45
2004;9;13,86;19,61;8,28
2004;10;10,28;14,48;6,04
2004;11;4,70;7,19;2,04
2004;12;1,16;3,85;-1,56
2005;1;2,87;5,21;0,31
2005;2;-0,34;2,21;-3,21
2005;3;4,62;8,68;0,72
2005;4;9,34;15,04;2,91
2005;5;12,18;17,83;5,96
2005;6;15,14;21,22;8,44
2005;7;17,87;24,12;11,86
2005;8;15,90;21,53;10,45
2005;9;15,06;21,83;8,88
2005;10;11,10;16,75;6,50
2005;11;5,20;7,82;2,31
2005;12;1,79;3,85;-0,72
2006;1;-2,64;0,87;-6,22
2006;2;-0,18;2,46;-3,03
2006;3;1,71;5,59;-2,12
2006;4;8,10;13,01;2,85
2006;5;12,88;18,70;6,49
2006;6;16,30;22,31;9,59
2006;7;21,11;28,55;13,36
2006;8;15,57;20,52;11,18
2006;9;16,96;23,50;10,42
2006;10;12,65;16,85;8,85
2006;11;7,75;10,91;4,05
2006;12;5,19;7,58;2,93
2007;1;5,30;7,76;2,51
2007;2;4,43;7,23;1,43
2007;3;6,46;11,53;1,36
2007;4;10,60;17,71;2,31
2007;5;13,83;19,37;7,75
2007;6;16,99;22,59;11,94
2007;7;17,17;22,61;11,82
2007;8;16,48;22,08;11,02
2007;9;13,05;17,30;8,67
2007;10;8,75;12,75;5,09
2007;11;4,63;6,66;2,38
2007;12;2,29;4,14;0,34
2008;1;4,78;6,83;2,22
2008;2;3,94;7,72;0,06
2008;3;4,85;8,47;1,41
2008;4;7,80;12,33;2,92
2008;5;13,92;20,36;6,74
2008;6;16,47;22,46;9,78
2008;7;17,89;24,21;11,49
2008;8;17,94;23,16;12,59
2008;9;12,78;17,63;7,64
2008;10;9,46;13,48;5,35
2008;11;5,60;8,10;2,24
2008;12;1,56;3,66;-0,73
2009;1;-2,66;0,74;-7,22
2009;2;1,33;3,90;-1,70
2009;3;4,74;8,41;0,71
2009;4;11,56;17,94;4,27
2009;5;13,47;19,10;6,94
2009;6;14,46;19,91;8,09
2009;7;17,96;23,71;11,98
2009;8;18,36;25,22;11,11
2009;9;14,48;19,78;9,21
2009;10;8,24;11,96;3,89
2009;11;8,34;10,73;5,62
2009;12;0,70;3,14;-2,26
2010;1;-3,65;-1,55;-6,74
2010;2;-0,12;2,93;-3,86
2010;3;4,69;9,23;0,12
2010;4;8,92;14,86;2,53
2010;5;10,47;14,50;6,22
2010;6;16,04;22,38;9,01
2010;7;19,88;26,50;12,66
2010;8;16,81;21,91;12,05
2010;9;12,68;17,12;8,13
2010;10;8,55;12,93;4,35
2010;11;5,33;7,61;2,95
2010;12;-3,98;-1,44;-8,06
2011;1;2,00;4,14;-0,40
2011;2;1,64;4,66;-1,23
2011;3;4,90;10,58;-0,59
2011;4;11,44;18,12;3,64
2011;5;13,18;20,17;5,07
2011;6;16,25;22,62;9,54
2011;7;16,24;21,45;10,99
2011;8;18,23;23,72;12,80
2011;9;15,33;21,34;9,41
2011;10;9,62;15,02;4,36
2011;11;4,43;9,11;0,48
2011;12;4,69;6,87;2,56
2012;1;2,77;5,16;0,37
2012;2;-1,84;1,60;-5,86
2012;3;7,64;12,75;2,40
2012;4;8,59;13,66;3,37
2012;5;14,22;19,90;7,47
2012;6;14,82;19,75;9,55
2012;7;16,93;22,71;11,21
2012;8;18,43;24,77;11,62
2012;9;13,68;19,27;7,97
2012;10;8,84;13,51;4,33
2012;11;5,65;8,21;2,71
2012;12;2,63;4,86;0,10
2013;1;0,56;2,46;-2,26
2013;2;0,10;2,00;-1,66
2013;3;-0,26;3,40;-4,01
2013;4;8,33;13,31;2,90
2013;5;11,66;16,24;6,47
2013;6;15,43;21,07;8,90
2013;7;18,60;26,07;10,85
2013;8;18,13;24,75;10,97
2013;9;13,68;18,00;9,22
2013;10;10,92;14,53;6,74
2013;11;4,66;7,40;1,73
2013;12;4,64;7,24;1,89
2014;1;2,77;5,10;0,08
2014;2;5,19;8,74;1,27
2014;3;6,97;13,45;1,15
2014;4;11,40;17,45;5,53
2014;5;12,71;17,80;7,23
2014;6;15,20;21,07;8,34
2014;7;19,12;25,10;13,17
2014;8;15,86;21,46;10,34
2014;9;14,96;19,76;10,17
2014;10;12,23;16,45;8,35
2014;11;7,15;9,63;4,52
2014;12;3,25;4,97;0,89
2015;1;2,78;4,88;0,19
2015;2;1,76;4,95;-1,37
2015;3;5,30;9,83;0,52
2015;4;8,40;14,77;1,39
2015;5;12,16;18,36;5,19
2015;6;15,35;21,12;8,22
2015;7;18,66;24,83;12,26
2015;8;19,63;26,48;12,79
2015;9;12,91;17,88;8,26
2015;10;8,57;12,41;4,68
2015;11;8,25;11,77;5,04
2015;12;7,47;10,28;3,98
2016;1;1,49;4,27;-1,78
2016;2;3,70;6,85;0,64
2016;3;4,42;8,07;0,80
2016;4;8,06;13,79;1,94
2016;5;13,75;19,29;7,18
2016;6;17,18;22,90;11,58
2016;7;18,64;24,67;12,13
2016;8;17,86;24,47;10,98
2016;9;17,23;23,73;11,00
2016;10;8,93;11,92;5,70
2016;11;4,16;7,20;0,79
2016;12;2,45;4,97;-0,20
2017;1;-1,75;1,20;-4,87
2017;2;3,33;6,34;0,04
2017;3;7,58;12,60;2,26
2017;4;7,34;12,69;1,26
2017;5;14,38;20,41;7,41
2017;6;17,26;23,46;10,58
2017;7;18,10;23,45;12,18
2017;8;17,60;23,44;11,52
2017;9;12,97;17,97;8,17
2017;10;11,71;15,49;8,13
2017;11;5,96;8,20;3,07
2017;12;3,78;5,89;1,26
2018;1;4,17;6,53;1,52
2018;2;-1,62;1,87;-5,60
2018;3;2,86;7,21;-1,69
2018;4;12,78;19,26;5,79
2018;5;16,10;22,97;8,75
2018;6;17,54;23,21;11,35
2018;7;20,27;28,07;11,06
2018;8;19,80;26,95;11,33
2018;9;14,52;21,66;7,54
2018;10;10,08;16,38;4,32
2018;11;5,55;8,90;2,00
2018;12;4,72;6,76;2,55
2019;1;1,18;3,64;-1,39
2019;2;4,51;9,99;0,09
2019;3;7,10;11,43;2,68
2019;4;9,32;15,35;2,10
2019;5;11,05;16,24;4,86
2019;6;19,00;25,65;11,37
2019;7;18,10;24,19;11,12
2019;8;19,14;26,12;12,04
2019;9;13,73;19,79;7,22
2019;10;11,56;15,45;7,94
2019;11;5,57;8,24;2,62
2019;12;4,29;6,91;1,28
2020;1;4,12;6,75;0,95
2020;2;5,95;8,73;2,62
2020;3;5,55;10,33;-0,06
2020;4;9,88;17,40;1,18
2020;5;11,05;17,57;2,65
2020;6;16,70;22,67;9,87
2020;7;17,29;23,33;10,51
2020;8;19,67;25,80;13,07
2020;9;13,80;21,45;6,31
2020;10;10,83;14,14;7,20
2020;11;6,52;10,26;2,41
2020;12;3,88;6,09;1,25
2021;1;1,38;3,30;-0,42
2021;2;0,97;5,98;-4,36
2021;3;5,17;10,57;0,01
2021;4;6,01;11,27;0,93
2021;5;11,33;16,04;6,47
2021;6;19,09;25,05;12,91
2021;7;17,95;23,46;12,35
2021;8;16,14;21,58;10,87
2021;9;14,89;20,74;9,36
2021;10;9,85;14,87;4,98
2021;11;5,53;7,83;2,78
2021;12;3,12;5,57;0,33
2022;1;3,71;5,61;1,70
2022;2;5,15;8,63;1,65
2022;3;4,84;11,64;-1,70
2022;4;7,95;13,13;2,39
2022;5;14,23;20,59;6,56
2022;6;17,74;25,00;9,13
2022;7;18,65;25,78;10,54
2022;8;19,93;27,78;10,86
2022;9;13,54;19,41;7,55
2022;10;12,56;17,92;6,85
2022;11;6,91;10,45;3,02
2022;12;1,66;4,46;-1,28
2023;1;4,25;6,43;1,76
2023;2;3,68;7,24;0,14
2023;3;6,01;10,05;1,98
2023;4;7,73;12,39;2,15
2023;5;12,37;18,61;4,96
2023;6;17,57;24,53;9,57
2023;7;18,12;24,49;11,11
2023;8;18,22;24,54;12,32
2023;9;17,09;24,46;10,11
2023;10;12,52;16,38;8,53
2023;11;6,08;8,52;3,09
2023;12;4,82;6,91;2,24
